TRUNCATE TABLE 
    student_relations, 
    sibling_relations, 
    rental_record, 
    lesson_attendees, 
    lesson, 
    instructor_instruments, 
    instructor, 
    contact_person, 
    student, 
    rental_instruments, 
    price_scheme, 
    person, 
    instruments, 
    group_lesson, 
    ensemble, 
    classroom 
    RESTART IDENTITY CASCADE;

INSERT INTO person (first_name, last_name, personal_number, phone_number, email_address, street, city, zip)
VALUES
-- 300 students
 ('Johan', 'Sjöberg', '050503-5592', '08-595 600 26', 'johan.sjöberg716@spray.se', 'Genstigen 3', 'Örnsköldsvik', '69866'),
 ('Margareta', 'Sjöberg', '090217-2568', '+46 (0)87 93 99 69', 'margareta.sjöberg792@live.se', 'Strandstigen 1', 'Växjö', '51563'),
 ('Conny', 'Sjöberg', '090311-9881', '+46 (0)33 90 63 77', 'conny.sjöberg938@telia.com', 'Parkgatan 4', 'Växjö', '12315'),
 ('Johan', 'Karlsson', '071123-2553', '0241-92 35 40', 'johan.karlsson705@telia.com', 'Ekvägen 91', 'Östersund', '21925'),
 ('Anna', 'Karlsson', '070922-2871', '08-093 14 46', 'anna.karlsson733@spray.se', 'Industrigatan 130', 'Lidköping', '87509'),
 ('Stina', 'Jonsson', '031104-9696', '095-29 03 09', 'stina.jonsson159@gmail.com', 'Backvägen 6', 'Halmstad', '82542'),
 ('Arne', 'Larsson', '991217-0819', '08-66 83 63', 'arne.larsson684@live.se', 'Genstigen 8', 'Umeå', '59237'),
 ('Gunilla', 'Larsson', '080418-0974', '077-887 12 02', 'gunilla.larsson203@gmail.com', 'Idrottstorget 44', 'Motala', '36727'),
 ('Elisabet', 'Larsson', '991010-5577', '08-025 228 41', 'elisabet.larsson557@live.se', 'Björkgatan 9', 'Lund', '19802'),
 ('Emanuel', 'Eriksson', '050720-0442', '+46 (0)882 932 07', 'emanuel.eriksson174@googlemail.com', 'Åkergatan 6', 'Karlstad', '86044'),
 ('Margareta', 'Lundström', '000202-6284', '0389-528 74', 'margareta.lundström848@googlemail.com', 'Stationsvägen 145', 'Skellefteå', '68155'),
 ('Lars', 'Högberg', '000321-2602', '08-22 89 68', 'lars.högberg698@spray.se', 'Björktorget 62', 'Lund', '74356'),
 ('Alexander', 'Högberg', '950731-6918', '0649-878 15', 'alexander.högberg899@spray.se', 'Villagatan 3', 'Piteå', '45063'),
 ('Marie', 'Högberg', '050425-4731', '08-872 802 19', 'marie.högberg480@googlemail.com', 'Ektorget 227', 'Lund', '14916'),
 ('Charlotta', 'Johansson', '051225-7098', '08-626 39 65', 'charlotta.johansson159@gmail.com', 'Skogsgränd 01', 'Skövde', '34593'),
 ('Bertil', 'Andersson', '081019-8143', '08-746 34 27', 'bertil.andersson579@yahoo.de', 'Storstigen 86', 'Kristianstad', '90773'),
 ('Astrid', 'Andersson', '060701-8231', '+46 (0)49 67 66 36', 'astrid.andersson673@yahoo.de', 'Ringgatan 5', 'Västerås', '92338'),
 ('Gabriella', 'Björk', '980103-2849', '08-507 656 44', 'gabriella.björk550@telia.com', 'Parkstigen 61', 'Mölndal', '48935'),
 ('Linda', 'Björk', '021023-1304', '+46 (0)8 101 783 54', 'linda.björk140@live.se', 'Kvarnvägen 881', 'Motala', '72760'),
 ('Johanna', 'Björk', '070101-9887', '+46 (0)37 92 30 52', 'johanna.björk385@swipnet.se', 'Skolstigen 268', 'Alingsås', '46740'),
 ('Jenny', 'Jansson', '030927-7408', '0234-132 81', 'jenny.jansson420@telia.com', 'Villatorget 930', 'Landskrona', '28700'),
 ('Leif', 'Andersson', '040115-9538', '+46 (0)91 24 05 00', 'leif.andersson177@spray.se', 'Skolgränd 4', 'Kristianstad', '72576'),
 ('Erik', 'Andersson', '061205-2860', '08-952 04 22', 'erik.andersson116@yahoo.de', 'Grangatan 071', 'Kalmar', '21216'),
 ('Håkan', 'Hedlund', '070718-6573', '08-494 81 49', 'håkan.hedlund483@spray.se', 'Villagatan 07', 'Stockholm', '50142'),
 ('Fredrik', 'Hedlund', '070616-2948', '08-008 542 79', 'fredrik.hedlund836@live.se', 'Kvarngatan 302', 'Falun', '24665'),
 ('Christer', 'Olsson', '030610-8929', '08-32 65 27', 'christer.olsson353@telia.com', 'Ringgatan 940', 'Göteborg', '80559'),
 ('Valborg', 'Jönsson', '950925-3556', '032-704 14 30', 'valborg.jönsson522@gmail.com', 'Kyrkgatan 9', 'Nyköping', '93301'),
 ('Björn', 'Jönsson', '070207-1945', '08-570 622 95', 'björn.jönsson735@yahoo.de', 'Kvarnvägen 803', 'Motala', '76270'),
 ('Johnny', 'Blomqvist', '060714-7014', '08-624 643 30', 'johnny.blomqvist557@telia.com', 'Ekvägen 89', 'Halmstad', '84085'),
 ('Olof', 'Blomqvist', '010917-9200', '0759-09 31 91', 'olof.blomqvist651@spray.se', 'Strandvägen 44', 'Örebro', '36065'),
 ('Mathias', 'Åberg', '990115-3610', '08-29 23 29', 'mathias.åberg718@gmail.com', 'Industrivägen 47', 'Östersund', '11977'),
 ('Håkan', 'Åberg', '040812-8056', '08-32 33 63', 'håkan.åberg770@yahoo.de', 'Åkerstigen 42', 'Trelleborg', '17288'),
 ('Maria', 'Åberg', '000918-8236', '+46 (0)8 813 729 81', 'maria.åberg439@live.se', 'Ekgatan 6', 'Lidköping', '59156'),
 ('Alexandra', 'Berntsson', '060916-7309', '+46 (0)8 553 672 49', 'alexandra.berntsson556@telia.com', 'Skogstorget 382', 'Örnsköldsvik', '68127'),
 ('Veronica', 'Berntsson', '041125-6688', '+46 (0)81 33 33 68', 'veronica.berntsson325@yahoo.de', 'Skolvägen 36', 'Lidingö', '13726'),
 ('Margareta', 'Berglund', '980224-1050', '011-54 26 31', 'margareta.berglund465@swipnet.se', 'Skogstorget 941', 'Varberg', '85409'),
 ('Ulla', 'Berglund', '971114-8834', '+46 (0)89 79 08 21', 'ulla.berglund822@gmail.com', 'Järnvägsvägen 8', 'Mölndal', '92227'),
 ('Albin', 'Berglund', '030907-6503', '+46 (0)478 035 36', 'albin.berglund653@swipnet.se', 'Ekvägen 125', 'Norrköping', '74892'),
 ('David', 'Andersson', '011108-7409', '08-652 536 54', 'david.andersson536@yahoo.de', 'Skolgatan 303', 'Lidköping', '88587'),
 ('Birgitta', 'Andersson', '000514-8002', '0219-92 43 57', 'birgitta.andersson707@spray.se', 'Kyrkstigen 0', 'Skövde', '68128'),
 ('Erik', 'Hansson', '931228-0432', '0724-33 64 85', 'erik.hansson170@live.se', 'Genstigen 8', 'Trelleborg', '69398'),
 ('Christina', 'Hansson', '090323-3591', '08-898 713 58', 'christina.hansson477@telia.com', 'Ringgatan 539', 'Växjö', '90031'),
 ('Elisabet', 'Hansson', '960906-3004', '0742-51 18 41', 'elisabet.hansson968@yahoo.de', 'Skogsvägen 78', 'Östersund', '20461'),
 ('Yvonne', 'Sandberg', '000802-9548', '0357-32 08 21', 'yvonne.sandberg643@telia.com', 'Villagatan 50', 'Sandviken', '64450'),
 ('Margareta', 'Danielsson', '010329-8089', '+46 (0)8 847 436 28', 'margareta.danielsson667@live.se', 'Stationsstigen 447', 'Alingsås', '59913'),
 ('Emilia', 'Danielsson', '080604-3006', '08-243 597 98', 'emilia.danielsson972@gmail.com', 'Grangränd 77', 'Luleå', '48351'),
 ('Erik', 'Danielsson', '081220-0061', '+46 (0)657 139 16', 'erik.danielsson137@swipnet.se', 'Industristigen 490', 'Karlstad', '39837'),
 ('Ernst', 'Johansson', '940502-9340', '08-68 62 44', 'ernst.johansson112@telia.com', 'Strandtorget 642', 'Örebro', '57608'),
 ('Urban', 'Johansson', '010903-9586', '+46 (0)75 01 73 96', 'urban.johansson365@googlemail.com', 'Åkerstigen 43', 'Borås', '80561'),
 ('Per', 'Nyström', '950409-2488', '0461-99 21 58', 'per.nyström792@telia.com', 'Strandgatan 04', 'Karlstad', '11502'),
 ('Thomas', 'Nyström', '950114-7202', '0681-542 38', 'thomas.nyström899@googlemail.com', 'Stationsvägen 63', 'Trelleborg', '46335'),
 ('Rasmus', 'Lund', '051104-7532', '08-06 77 79', 'rasmus.lund276@spray.se', 'Villagatan 0', 'Alingsås', '74747'),
 ('Eva', 'Lund', '990216-5886', '+46 (0)8 182 585 33', 'eva.lund604@spray.se', 'Storgatan 00', 'Karlskrona', '36403'),
 ('Egon', 'Lund', '090328-4446', '050-297 20 46', 'egon.lund218@telia.com', 'Åkervägen 72', 'Mölndal', '54101'),
 ('Rune', 'Jönsson', '080802-2362', '0719-665 80', 'rune.jönsson558@gmail.com', 'Kvarngränd 23', 'Göteborg', '33596'),
 ('Karl', 'Jönsson', '060531-2214', '0628-17 45 25', 'karl.jönsson666@yahoo.de', 'Björkvägen 2', 'Örebro', '53708'),
 ('Elisabet', 'Jönsson', '960427-8920', '0504-808 64', 'elisabet.jönsson536@gmail.com', 'Strandgatan 62', 'Nyköping', '42318'),
 ('Linnea', 'Eriksson', '010128-0923', '+46 (0)8 235 574 78', 'linnea.eriksson356@yahoo.de', 'Idrottsgränd 6', 'Linköping', '57172'),
 ('Tomas', 'Eriksson', '960729-5798', '078-156 01 80', 'tomas.eriksson597@spray.se', 'Bäckstigen 230', 'Helsingborg', '28761'),
 ('Ester', 'Lindgren', '941223-4156', '+46 (0)8 750 619 12', 'ester.lindgren982@yahoo.de', 'Aspvägen 8', 'Landskrona', '95295'),
 ('Johan', 'Larsson', '050809-9827', '+46 (0)009 208 28', 'johan.larsson127@swipnet.se', 'Stationsgatan 206', 'Trelleborg', '15369'),
 ('Veronica', 'Larsson', '971129-6591', '08-99 57 29', 'veronica.larsson503@telia.com', 'Kyrkostigen 2', 'Halmstad', '50295'),
 ('Margareta', 'Larsson', '960404-6038', '085-17 60 53', 'margareta.larsson760@yahoo.de', 'Trädgårdsgatan 0', 'Borås', '19599'),
 ('Elisabeth', 'Jakobsson', '020522-6657', '+46 (0)52 93 80 57', 'elisabeth.jakobsson763@telia.com', 'Skolvägen 0', 'Lidköping', '80702'),
 ('Stig', 'Jakobsson', '060315-3545', '+46 (0)123 603 64', 'stig.jakobsson583@telia.com', 'Strandvägen 8', 'Alingsås', '94794'),
 ('Sven', 'Jakobsson', '001002-8165', '08-307 590 94', 'sven.jakobsson610@googlemail.com', 'Ekgatan 569', 'Piteå', '74361'),
 ('Robin', 'Hansson', '040131-4190', '+46 (0)197 890 60', 'robin.hansson761@googlemail.com', 'Kyrkogatan 532', 'Luleå', '30877'),
 ('Anita', 'Arvidsson', '070809-4909', '+46 (0)330 600 89', 'anita.arvidsson276@swipnet.se', 'Gengatan 4', 'Borlänge', '30150'),
 ('Elsa', 'Andersson', '990308-5851', '0408-955 91', 'elsa.andersson662@gmail.com', 'Aspvägen 1', 'Lund', '19597'),
 ('Erik', 'Andersson', '990224-4566', '0552-783 98', 'erik.andersson230@googlemail.com', 'Fabrikstorget 654', 'Varberg', '81153'),
 ('Louise', 'Larsson', '970123-8991', '0647-385 36', 'louise.larsson143@telia.com', 'Aspvägen 9', 'Nyköping', '37646'),
 ('Stig', 'Larsson', '940219-1119', '047-82 49 76', 'stig.larsson628@telia.com', 'Bäckgränd 911', 'Jönköping', '11862'),
 ('Inge', 'Larsson', '060916-9768', '+46 (0)8 289 857 42', 'inge.larsson900@spray.se', 'Gengatan 291', 'Gävle', '80626'),
 ('Irene', 'Gustafsson', '051207-2471', '08-36 76 49', 'irene.gustafsson163@gmail.com', 'Kyrkovägen 6', 'Umeå', '48438'),
 ('Leif', 'Gustafsson', '951206-7589', '0467-75 25 82', 'leif.gustafsson914@live.se', 'Ekvägen 11', 'Östersund', '39383'),
 ('Karl', 'Nilsson', '970723-0455', '+46 (0)8 511 063 40', 'karl.nilsson435@live.se', 'Ängstorget 19', 'Piteå', '70120'),
 ('Anna', 'Nilsson', '051005-2830', '+46 (0)960 579 91', 'anna.nilsson195@telia.com', 'Fabriksgatan 87', 'Trollhättan', '24242'),
 ('Erik', 'Lindberg', '081223-9739', '08-564 70 25', 'erik.lindberg549@live.se', 'Storstigen 2', 'Sundsvall', '78069'),
 ('Anna', 'Lindberg', '020213-2320', '0722-49 70 76', 'anna.lindberg658@googlemail.com', 'Parkgatan 919', 'Umeå', '91663'),
 ('Stefan', 'Lindberg', '050807-9357', '061-987 62 75', 'stefan.lindberg696@gmail.com', 'Ringstigen 039', 'Växjö', '18121'),
 ('Carl', 'Olsson', '040103-7841', '+46 (0)8 268 065 37', 'carl.olsson302@swipnet.se', 'Björkstigen 8', 'Sandviken', '32874'),
 ('Mattias', 'Olsson', '970603-2456', '048-08 11 70', 'mattias.olsson502@gmail.com', 'Trädgårdsgränd 63', 'Trelleborg', '28815'),
 ('Anna', 'Karlsson', '980604-6224', '08-63 82 06', 'anna.karlsson680@yahoo.de', 'Ängsstigen 930', 'Malmö', '37022'),
 ('Mikaela', 'Karlsson', '990809-3645', '08-672 322 00', 'mikaela.karlsson893@spray.se', 'Trädgårdsstigen 8', 'Växjö', '63627'),
 ('Victoria', 'Eriksson', '981001-9209', '+46 (0)8 237 493 11', 'victoria.eriksson110@yahoo.de', 'Ängsstigen 248', 'Örebro', '82311'),
 ('Björn', 'Eriksson', '990724-0213', '+46 (0)70 28 15 10', 'björn.eriksson140@live.se', 'Idrottsvägen 350', 'Motala', '14591'),
 ('Elisabet', 'Lindgren', '060801-0542', '08-53 50 69', 'elisabet.lindgren589@gmail.com', 'Kyrkvägen 56', 'Uddevalla', '92844'),
 ('Patrik', 'Lindgren', '041207-6705', '+46 (0)8 230 121 73', 'patrik.lindgren211@live.se', 'Industrigatan 3', 'Örebro', '84668'),
 ('Gustav', 'Lind', '001209-9065', '08-613 019 73', 'gustav.lind437@swipnet.se', 'Industristigen 8', 'Stockholm', '69655'),
 ('Maria', 'Lind', '980928-2099', '0072-45 50 00', 'maria.lind565@yahoo.de', 'Järnvägsvägen 425', 'Gävle', '28172'),
 ('Carina', 'Lind', '080819-3890', '+46 (0)8 567 379 50', 'carina.lind473@swipnet.se', 'Villagatan 9', 'Helsingborg', '59084'),
 ('Ragnhild', 'Pettersson', '020722-4148', '+46 (0)159 211 50', 'ragnhild.pettersson750@live.se', 'Industristigen 7', 'Luleå', '39591'),
 ('Anna', 'Pettersson', '980312-2580', '08-720 226 28', 'anna.pettersson529@gmail.com', 'Parkvägen 931', 'Lidköping', '87603'),
 ('Axel', 'Ågren', '030913-3809', '024-255 97 82', 'axel.ågren639@swipnet.se', 'Industrigatan 788', 'Karlskoga', '38914'),
 ('Lennart', 'Petersson', '960412-5139', '08-36 23 40', 'lennart.petersson645@swipnet.se', 'Parktorget 43', 'Umeå', '23508'),
 ('Anders', 'Holmgren', '950419-4169', '068-721 87 29', 'anders.holmgren869@googlemail.com', 'Industrigatan 3', 'Växjö', '13232'),
 ('Christian', 'Holmgren', '001109-0883', '08-96 36 87', 'christian.holmgren280@gmail.com', 'Fabriksgatan 9', 'Sandviken', '43436'),
 ('Rut', 'Holmgren', '020704-3480', '08-482 68 99', 'rut.holmgren119@swipnet.se', 'Parkgränd 01', 'Skövde', '67623'),
 ('Johan', 'Pettersson', '990213-2266', '08-421 272 34', 'johan.pettersson912@swipnet.se', 'Gengatan 1', 'Linköping', '69484'),
 ('Ernst', 'Pettersson', '030816-1447', '091-747 50 53', 'ernst.pettersson804@googlemail.com', 'Backtorget 82', 'Nyköping', '85448'),
 ('Bengt', 'Pettersson', '070316-7494', '+46 (0)73 92 89 82', 'bengt.pettersson323@live.se', 'Ängsvägen 05', 'Örnsköldsvik', '44943'),
 ('Ingemar', 'Sandberg', '960225-0053', '0660-09 66 39', 'ingemar.sandberg304@telia.com', 'Kvarngatan 842', 'Karlstad', '39188'),
 ('Carina', 'Sandberg', '001027-3506', '0462-777 21', 'carina.sandberg555@spray.se', 'Parkstigen 165', 'Nyköping', '57598'),
 ('Britta', 'Sjöström', '080711-0358', '+46 (0)8 139 744 08', 'britta.sjöström543@swipnet.se', 'Nygatan 05', 'Lund', '71790'),
 ('Georg', 'Mattsson', '980908-1921', '007-60 72 51', 'georg.mattsson682@swipnet.se', 'Storvägen 29', 'Mölndal', '68670'),
 ('Mona', 'Mattsson', '020913-2299', '+46 (0)758 759 66', 'mona.mattsson623@live.se', 'Aspvägen 0', 'Motala', '15007'),
 ('Siv', 'Mattsson', '020914-2405', '090-610 33 65', 'siv.mattsson589@spray.se', 'Kyrkogränd 038', 'Östersund', '84405'),
 ('Alice', 'Josefsson', '000312-7826', '0620-95 18 36', 'alice.josefsson510@googlemail.com', 'Nyvägen 77', 'Umeå', '48073'),
 ('Christoffer', 'Josefsson', '960812-2769', '08-244 432 50', 'christoffer.josefsson686@yahoo.de', 'Strandgatan 538', 'Borlänge', '54059'),
 ('Malin', 'Lundberg', '030823-3212', '+46 (0)887 284 68', 'malin.lundberg408@telia.com', 'Skogsgränd 712', 'Falun', '35048'),
 ('Olof', 'Andersson', '090930-0972', '08-917 45 47', 'olof.andersson262@telia.com', 'Idrottsgatan 318', 'Lidköping', '73051'),
 ('Rolf', 'Andersson', '040403-4738', '0024-98 08 56', 'rolf.andersson150@yahoo.de', 'Skogstorget 547', 'Malmö', '56206'),
 ('Therese', 'Andersson', '031111-4045', '+46 (0)10 93 94 59', 'therese.andersson882@googlemail.com', 'Fabriksstigen 9', 'Karlstad', '15624'),
 ('Charlotta', 'Karlsson', '030421-9603', '005-967 50 65', 'charlotta.karlsson536@spray.se', 'Skolgatan 7', 'Kristianstad', '10996'),
 ('Paul', 'Berg', '060218-2065', '0284-74 34 55', 'paul.berg840@spray.se', 'Skolvägen 8', 'Motala', '31444'),
 ('Vilhelm', 'Berg', '020527-7064', '018-81 55 65', 'vilhelm.berg937@googlemail.com', 'Industrigatan 6', 'Karlstad', '11070'),
 ('Viola', 'Berg', '990326-6444', '+46 (0)625 303 31', 'viola.berg232@gmail.com', 'Kvarngatan 9', 'Karlskoga', '46629'),
 ('Elisabeth', 'Larsson', '961206-9030', '08-727 263 54', 'elisabeth.larsson905@swipnet.se', 'Björkgatan 29', 'Skövde', '43522'),
 ('Hanna', 'Larsson', '980503-8107', '+46 (0)8 250 216 78', 'hanna.larsson527@live.se', 'Parkgatan 8', 'Stockholm', '56906'),
 ('Erik', 'Carlsson', '040221-7236', '+46 (0)55 92 29 33', 'erik.carlsson722@swipnet.se', 'Idrottstorget 6', 'Lidköping', '54346'),
 ('Viola', 'Andersson', '050724-7922', '08-001 85 70', 'viola.andersson307@swipnet.se', 'Parkstigen 424', 'Malmö', '86522'),
 ('Eivor', 'Andersson', '991208-3046', '0638-815 01', 'eivor.andersson331@live.se', 'Furugatan 0', 'Sundsvall', '78999'),
 ('Ulf', 'Sjöström', '970622-4061', '+46 (0)18 07 36 31', 'ulf.sjöström639@googlemail.com', 'Åkervägen 133', 'Lidingö', '69697'),
 ('Margareta', 'Sjöström', '050501-9653', '0083-17 70 22', 'margareta.sjöström728@swipnet.se', 'Backgatan 02', 'Jönköping', '87619'),
 ('Joakim', 'Andersson', '020803-9206', '084-754 96 37', 'joakim.andersson143@swipnet.se', 'Skogstorget 604', 'Alingsås', '48288'),
 ('Linnéa', 'Andersson', '960812-1233', '+46 (0)547 553 43', 'linnéa.andersson265@swipnet.se', 'Skolvägen 21', 'Borås', '61540'),
 ('Hans', 'Andersson', '060706-0209', '08-128 939 17', 'hans.andersson358@swipnet.se', 'Kvarngatan 5', 'Östersund', '68221'),
 ('Therese', 'Persson', '060502-1575', '084-991 87 70', 'therese.persson464@swipnet.se', 'Industrivägen 2', 'Uppsala', '71425'),
 ('Anna-Karin', 'Persson', '050807-6965', '+46 (0)227 057 14', 'anna-karin.persson673@googlemail.com', 'Järnvägsstigen 2', 'Landskrona', '38913'),
 ('Christer', 'Persson', '950130-5198', '08-179 58 07', 'christer.persson924@gmail.com', 'Kvarnvägen 57', 'Ängelholm', '28961'),
 ('Gösta', 'Magnusson', '960220-7863', '0567-91 00 23', 'gösta.magnusson341@gmail.com', 'Åkervägen 8', 'Lidköping', '94178'),
 ('Anders', 'Magnusson', '970514-2546', '+46 (0)633 368 45', 'anders.magnusson555@yahoo.de', 'Skolvägen 296', 'Linköping', '57550'),
 ('Roger', 'Löfgren', '971225-9515', '088-080 25 45', 'roger.löfgren680@swipnet.se', 'Järnvägsgränd 91', 'Borås', '38646'),
 ('Maria', 'Lundberg', '970311-7979', '0158-14 60 00', 'maria.lundberg216@googlemail.com', 'Ekvägen 10', 'Lidköping', '65044'),
 ('Inga', 'Lundberg', '021126-8198', '+46 (0)511 684 35', 'inga.lundberg959@googlemail.com', 'Ringgränd 148', 'Helsingborg', '90083'),
 ('Emma', 'Sundin', '071215-1034', '078-575 95 71', 'emma.sundin493@spray.se', 'Fabriksvägen 236', 'Jönköping', '17533'),
 ('Ingemar', 'Sundin', '021030-3483', '034-70 84 32', 'ingemar.sundin909@swipnet.se', 'Villatorget 5', 'Mölndal', '37964'),
 ('Eva', 'Gustavsson', '021011-7586', '012-99 41 21', 'eva.gustavsson114@telia.com', 'Ringvägen 750', 'Helsingborg', '26007'),
 ('Gerd', 'Gustavsson', '040108-8661', '066-376 11 83', 'gerd.gustavsson541@telia.com', 'Kyrkotorget 1', 'Uppsala', '87017'),
 ('Cecilia', 'Andersson', '971222-4766', '+46 (0)405 076 71', 'cecilia.andersson655@swipnet.se', 'Bäcktorget 7', 'Sandviken', '22952'),
 ('Karin', 'Andersson', '000514-9539', '+46 (0)58 54 77 57', 'karin.andersson669@swipnet.se', 'Industrigatan 50', 'Nyköping', '13034'),
 ('Linnéa', 'Andersson', '941219-0093', '068-158 63 19', 'linnéa.andersson118@yahoo.de', 'Skolvägen 942', 'Borlänge', '71840'),
 ('Lars', 'Johansson', '030128-2034', '08-059 65 86', 'lars.johansson489@spray.se', 'Strandgatan 3', 'Umeå', '81366'),
 ('Anders', 'Lundin', '990718-4395', '+46 (0)88 23 17 25', 'anders.lundin723@live.se', 'Ekgatan 495', 'Helsingborg', '62888'),
 ('Arvid', 'Lundin', '980622-0662', '+46 (0)8 887 395 04', 'arvid.lundin780@spray.se', 'Parkvägen 4', 'Borlänge', '80841'),
 ('Irene', 'Johansson', '080315-0002', '08-316 240 20', 'irene.johansson682@telia.com', 'Nystigen 721', 'Kalmar', '92260'),
 ('Ulrika', 'Johansson', '970630-2156', '0465-35 05 10', 'ulrika.johansson308@googlemail.com', 'Strandgatan 3', 'Norrköping', '78889'),
 ('Marcus', 'Larsson', '931231-6178', '08-42 05 54', 'marcus.larsson902@gmail.com', 'Järnvägsvägen 143', 'Lidköping', '60613'),
 ('Lena', 'Larsson', '041014-9892', '0299-08 86 80', 'lena.larsson334@yahoo.de', 'Skolstigen 650', 'Karlskoga', '39186'),
 ('Louise', 'Söderlund', '980301-7285', '0693-19 38 63', 'louise.söderlund115@telia.com', 'Järnvägsstigen 8', 'Jönköping', '12355'),
 ('Birgitta', 'Nilsson', '090429-5888', '+46 (0)8 011 043 69', 'birgitta.nilsson719@yahoo.de', 'Kyrkvägen 38', 'Trollhättan', '43248'),
 ('Anna', 'Nilsson', '970526-5255', '+46 (0)8 061 924 55', 'anna.nilsson494@live.se', 'Trädgårdsgatan 977', 'Mölndal', '45308'),
 ('Karl', 'Nilsson', '070617-5346', '0938-957 41', 'karl.nilsson367@telia.com', 'Strandgatan 575', 'Borås', '62716'),
 ('Elisabet', 'Johansson', '970312-1542', '+46 (0)82 14 72 13', 'elisabet.johansson435@yahoo.de', 'Aspstigen 615', 'Borås', '69364'),
 ('Gudrun', 'Johansson', '031101-7180', '+46 (0)8 669 766 28', 'gudrun.johansson382@swipnet.se', 'Trädgårdsgatan 0', 'Växjö', '74159'),
 ('Erik', 'Johansson', '090613-8631', '08-78 18 46', 'erik.johansson504@swipnet.se', 'Ringvägen 8', 'Umeå', '56157'),
 ('Britt', 'Olofsson', '960201-8674', '0922-115 25', 'britt.olofsson150@swipnet.se', 'Åkervägen 7', 'Jönköping', '39167'),
 ('Jörgen', 'Bergström', '001231-3540', '+46 (0)269 074 08', 'jörgen.bergström116@spray.se', 'Ringstigen 1', 'Lidköping', '41951'),
 ('Göran', 'Bergström', '091019-4653', '0424-73 25 15', 'göran.bergström622@gmail.com', 'Villavägen 089', 'Skövde', '63828'),
 ('Carl', 'Bergström', '000618-4790', '+46 (0)750 587 05', 'carl.bergström806@gmail.com', 'Kyrkotorget 7', 'Uppsala', '98422'),
 ('Ida', 'Vikström', '980731-2294', '+46 (0)912 582 56', 'ida.vikström834@gmail.com', 'Ekvägen 2', 'Skövde', '57242'),
 ('Folke', 'Andersson', '010523-0460', '+46 (0)559 771 82', 'folke.andersson655@telia.com', 'Kyrkgatan 13', 'Lidköping', '60461'),
 ('Lars-erik', 'Andersson', '050806-9283', '0328-589 07', 'lars-erik.andersson992@googlemail.com', 'Ringgränd 1', 'Motala', '72778'),
 ('Therese', 'Persson', '060307-4691', '08-132 82 47', 'therese.persson164@live.se', 'Backgatan 892', 'Skellefteå', '20956'),
 ('Margareta', 'Persson', '080503-4576', '+46 (0)52 94 41 78', 'margareta.persson782@live.se', 'Parkvägen 46', 'Kristianstad', '28665'),
 ('Maria', 'Persson', '951120-1254', '+46 (0)8 430 647 92', 'maria.persson951@gmail.com', 'Trädgårdsvägen 32', 'Uddevalla', '55714'),
 ('Håkan', 'Olofsson', '981025-8856', '+46 (0)094 622 65', 'håkan.olofsson530@spray.se', 'Backstigen 69', 'Ängelholm', '98141'),
 ('Karin', 'Olofsson', '080615-8531', '0942-179 02', 'karin.olofsson807@spray.se', 'Fabriksgränd 019', 'Växjö', '23818'),
 ('Christina', 'Olofsson', '931216-5740', '0108-01 90 30', 'christina.olofsson814@swipnet.se', 'Kyrkogränd 631', 'Helsingborg', '57640'),
 ('Pär', 'Lind', '071124-9946', '0423-16 32 77', 'pär.lind555@gmail.com', 'Björkgatan 5', 'Varberg', '45443'),
 ('Elsa', 'Hjalmarsson', '010425-4701', '+46 (0)8 995 750 03', 'elsa.hjalmarsson249@googlemail.com', 'Parkgatan 833', 'Umeå', '18955'),
 ('Bengt', 'Hjalmarsson', '040608-6447', '061-516 56 96', 'bengt.hjalmarsson647@spray.se', 'Backstigen 06', 'Östersund', '55925'),
 ('Tore', 'Karlsson', '980919-4120', '08-554 105 84', 'tore.karlsson455@telia.com', 'Skolgränd 9', 'Uddevalla', '62716'),
 ('Sara', 'Karlsson', '000828-3459', '+46 (0)8 895 787 87', 'sara.karlsson213@gmail.com', 'Björkvägen 9', 'Halmstad', '88337'),
 ('Anneli', 'Åström', '950826-6302', '070-330 81 80', 'anneli.åström934@spray.se', 'Grangränd 41', 'Lidingö', '10269'),
 ('Gunvor', 'Åström', '041223-9428', '053-52 65 26', 'gunvor.åström181@yahoo.de', 'Villagatan 5', 'Trelleborg', '44657'),
 ('Eleonora', 'Åström', '011227-7611', '+46 (0)8 982 349 53', 'eleonora.åström807@gmail.com', 'Industrigatan 057', 'Helsingborg', '41222'),
 ('Emil', 'Sjöberg', '950604-3265', '08-42 15 42', 'emil.sjöberg976@live.se', 'Strandgatan 8', 'Karlstad', '35564'),
 ('Ingegerd', 'Öberg', '990107-8916', '0164-630 10', 'ingegerd.öberg349@telia.com', 'Åkergatan 7', 'Sandviken', '44890'),
 ('Therese', 'Öberg', '950710-7234', '0335-94 45 03', 'therese.öberg797@live.se', 'Industrigränd 805', 'Helsingborg', '70980'),
 ('Inga', 'Öberg', '090607-4265', '+46 (0)919 347 32', 'inga.öberg323@googlemail.com', 'Kyrkostigen 877', 'Göteborg', '62807'),
 ('Åke', 'Boström', '030122-4796', '0575-63 44 46', 'åke.boström503@swipnet.se', 'Granstigen 74', 'Västerås', '86330'),
 ('Elisabeth', 'Johansson', '030403-5199', '0551-925 61', 'elisabeth.johansson468@telia.com', 'Stationsvägen 325', 'Örnsköldsvik', '38079'),
 ('Carina', 'Johansson', '020204-3600', '08-79 39 93', 'carina.johansson826@telia.com', 'Aspvägen 1', 'Motala', '55150'),
 ('Lars', 'Pettersson', '001204-6306', '08-273 95 38', 'lars.pettersson719@yahoo.de', 'Backgatan 75', 'Karlstad', '29837'),
 ('Peter', 'Pettersson', '950526-6883', '08-72 23 60', 'peter.pettersson988@telia.com', 'Parkvägen 6', 'Örnsköldsvik', '14783'),
 ('Johan', 'Björklund', '990920-4753', '08-198 03 55', 'johan.björklund860@gmail.com', 'Åkergränd 40', 'Linköping', '88904'),
 ('Kristin', 'Björklund', '050430-6598', '08-318 98 99', 'kristin.björklund767@telia.com', 'Storstigen 50', 'Karlskoga', '80100'),
 ('Roland', 'Björklund', '080520-0896', '+46 (0)8 066 137 97', 'roland.björklund951@live.se', 'Idrottsgatan 1', 'Örebro', '44266'),
 ('Margareta', 'Olsson', '990505-6942', '0505-886 05', 'margareta.olsson278@telia.com', 'Stationsstigen 148', 'Gävle', '98084'),
 ('Anne', 'Olsson', '990727-0749', '0359-57 77 05', 'anne.olsson156@swipnet.se', 'Backgatan 768', 'Nyköping', '88712'),
 ('Sven', 'Nilsson', '960308-8833', '08-68 40 46', 'sven.nilsson781@googlemail.com', 'Ringvägen 829', 'Mölndal', '30994'),
 ('Birgitta', 'Nilsson', '981216-4748', '08-269 91 41', 'birgitta.nilsson155@spray.se', 'Kyrkogatan 4', 'Skellefteå', '37499'),
 ('Kristina', 'Johansson', '061221-6291', '025-007 43 75', 'kristina.johansson329@googlemail.com', 'Stationsgatan 86', 'Motala', '16117'),
 ('Anita', 'Johansson', '970805-7956', '+46 (0)738 472 94', 'anita.johansson825@live.se', 'Ängsgränd 1', 'Piteå', '90365'),
 ('Jenny', 'Larsson', '031121-5792', '0375-68 42 16', 'jenny.larsson895@swipnet.se', 'Kyrkovägen 134', 'Malmö', '56709'),
 ('Susanne', 'Larsson', '080403-2357', '+46 (0)28 49 11 65', 'susanne.larsson387@live.se', 'Storgatan 9', 'Nyköping', '32201'),
 ('David', 'Larsson', '971207-2108', '0833-39 63 09', 'david.larsson781@yahoo.de', 'Furuvägen 765', 'Helsingborg', '56038'),
 ('Anna', 'Östlund', '970818-8868', '0989-843 71', 'anna.östlund668@live.se', 'Parkvägen 40', 'Motala', '63046'),
 ('Maria', 'Östlund', '030116-5684', '+46 (0)8 214 697 99', 'maria.östlund874@spray.se', 'Bäckgränd 9', 'Lidköping', '98682'),
 ('Hans', 'Eriksson', '971123-3040', '+46 (0)84 12 44 25', 'hans.eriksson188@swipnet.se', 'Bäckvägen 98', 'Trelleborg', '40559'),
 ('Elvira', 'Eriksson', '970903-0838', '007-24 01 75', 'elvira.eriksson806@spray.se', 'Kvarntorget 812', 'Skellefteå', '24915'),
 ('Helge', 'Magnusson', '041207-8255', '032-294 90 51', 'helge.magnusson849@swipnet.se', 'Parkgatan 118', 'Lidingö', '21341'),
 ('Laila', 'Nilsson', '061223-3700', '059-47 90 47', 'laila.nilsson888@yahoo.de', 'Villatorget 37', 'Lidingö', '61331'),
 ('Rose-Marie', 'Nilsson', '981101-6667', '08-848 29 84', 'rose-marie.nilsson799@gmail.com', 'Kvarngränd 43', 'Stockholm', '46550'),
 ('Arne', 'Augustsson', '010911-6376', '0491-815 25', 'arne.augustsson666@live.se', 'Åkergatan 08', 'Malmö', '63787'),
 ('Carina', 'Augustsson', '020126-4272', '+46 (0)498 961 84', 'carina.augustsson398@yahoo.de', 'Kyrkovägen 5', 'Lidingö', '91848'),
 ('Ove', 'Augustsson', '030117-6277', '08-786 99 77', 'ove.augustsson126@googlemail.com', 'Storgatan 25', 'Uddevalla', '79576'),
 ('Carin', 'Larsson', '980507-1132', '08-947 32 52', 'carin.larsson565@gmail.com', 'Idrottstorget 8', 'Södertälje', '89315'),
 ('John', 'Larsson', '981025-1117', '08-481 311 68', 'john.larsson197@yahoo.de', 'Björkstigen 13', 'Kristianstad', '27871'),
 ('Jennie', 'Roos', '021030-9670', '0743-60 46 41', 'jennie.roos224@googlemail.com', 'Parkstigen 045', 'Ängelholm', '92868'),
 ('Elisabeth', 'Sandström', '090429-5482', '0540-964 88', 'elisabeth.sandström307@spray.se', 'Bäckstigen 39', 'Alingsås', '16272'),
 ('Maria', 'Sandström', '931207-1989', '0712-028 72', 'maria.sandström828@live.se', 'Skolstigen 0', 'Motala', '99870'),
 ('Karl', 'Sandström', '960507-9707', '0262-862 14', 'karl.sandström968@yahoo.de', 'Ringstigen 6', 'Helsingborg', '56215'),
 ('Michael', 'Larsson', '071023-7421', '08-631 57 85', 'michael.larsson488@spray.se', 'Parkgatan 99', 'Karlstad', '17242'),
 ('Elisabeth', 'Larsson', '020625-8402', '08-045 742 14', 'elisabeth.larsson449@live.se', 'Industrivägen 1', 'Västerås', '74114'),
 ('Anna', 'Larsson', '940718-0794', '0606-21 18 46', 'anna.larsson643@gmail.com', 'Ängsgränd 75', 'Trollhättan', '51157'),
 ('Uno', 'Johansson', '040629-3308', '0549-54 93 92', 'uno.johansson373@telia.com', 'Järnvägsgränd 46', 'Falun', '70498'),
 ('Dagmar', 'Johansson', '060302-0736', '0025-79 20 61', 'dagmar.johansson800@gmail.com', 'Fabriksvägen 75', 'Trelleborg', '40932'),
 ('Hanna', 'Bergström', '940706-4774', '08-06 54 01', 'hanna.bergström972@telia.com', 'Aspgränd 0', 'Växjö', '22571'),
 ('Mattias', 'Bergström', '060221-4686', '0994-765 81', 'mattias.bergström718@telia.com', 'Ängsgränd 56', 'Motala', '61311'),
 ('Elisabet', 'Bergström', '970830-6593', '+46 (0)62 49 42 61', 'elisabet.bergström565@live.se', 'Industrigatan 10', 'Kristianstad', '85738'),
 ('Mona', 'Karlsson', '040929-2836', '08-431 93 88', 'mona.karlsson646@live.se', 'Villavägen 630', 'Örnsköldsvik', '66366'),
 ('Lars', 'Karlsson', '010314-1503', '0605-203 62', 'lars.karlsson691@googlemail.com', 'Skoltorget 17', 'Falun', '45687'),
 ('Anders', 'Nygren', '051013-6575', '+46 (0)22 89 28 62', 'anders.nygren581@live.se', 'Villastigen 33', 'Borlänge', '48175'),
 ('Hans', 'Nygren', '990407-7295', '+46 (0)029 265 52', 'hans.nygren353@telia.com', 'Skolvägen 03', 'Skellefteå', '61768'),
 ('Viola', 'Nygren', '020528-1967', '08-119 193 98', 'viola.nygren664@googlemail.com', 'Villatorget 1', 'Alingsås', '34666'),
 ('Erik', 'Johansson', '071109-3195', '08-137 27 05', 'erik.johansson190@gmail.com', 'Aspgatan 2', 'Karlstad', '68754'),
 ('Linnéa', 'Johansson', '000609-1953', '08-99 54 68', 'linnéa.johansson287@yahoo.de', 'Stationsstigen 9', 'Linköping', '59596'),
 ('Viola', 'Johansson', '961118-7775', '08-42 24 20', 'viola.johansson173@swipnet.se', 'Kvarnvägen 56', 'Trelleborg', '95997'),
 ('Åke', 'Palm', '991126-5271', '010-089 58 36', 'åke.palm320@swipnet.se', 'Skolgatan 322', 'Skövde', '34488'),
 ('Rebecca', 'Palm', '980523-1314', '+46 (0)8 671 704 10', 'rebecca.palm159@telia.com', 'Bäckgatan 84', 'Lidingö', '71435'),
 ('Marcus', 'Palm', '030705-3264', '046-73 66 72', 'marcus.palm480@googlemail.com', 'Bäckvägen 1', 'Stockholm', '65340'),
 ('Lennart', 'Axelsson', '971007-5608', '08-929 14 16', 'lennart.axelsson589@googlemail.com', 'Skogsgatan 4', 'Piteå', '35303'),
 ('Erik', 'Löfgren', '951110-5596', '+46 (0)580 063 09', 'erik.löfgren201@gmail.com', 'Skolgränd 508', 'Trollhättan', '16084'),
 ('Mikael', 'Löfgren', '011119-5640', '091-44 47 33', 'mikael.löfgren135@telia.com', 'Trädgårdsgatan 3', 'Umeå', '93268'),
 ('Erik', 'Nilsson', '951217-2611', '062-66 72 33', 'erik.nilsson194@yahoo.de', 'Skolgränd 7', 'Borlänge', '39250'),
 ('Magnus', 'Nilsson', '041019-1845', '+46 (0)652 959 25', 'magnus.nilsson181@swipnet.se', 'Skolvägen 0', 'Alingsås', '19611'),
 ('Christina', 'Pålsson', '010105-2819', '08-860 075 26', 'christina.pålsson641@swipnet.se', 'Strandgatan 28', 'Karlstad', '11896'),
 ('Nils', 'Pålsson', '080420-0996', '+46 (0)8 338 040 20', 'nils.pålsson446@spray.se', 'Stortorget 202', 'Uppsala', '79579'),
 ('Artur', 'Johansson', '020208-1998', '08-03 37 25', 'artur.johansson387@googlemail.com', 'Backvägen 5', 'Karlskrona', '30759'),
 ('Jan', 'Johansson', '090201-0859', '08-884 78 93', 'jan.johansson119@googlemail.com', 'Industrigränd 058', 'Lidingö', '38395'),
 ('Bertil', 'Johansson', '030503-7202', '063-81 44 49', 'bertil.johansson790@swipnet.se', 'Skogsgatan 98', 'Piteå', '88955'),
 ('Ingrid', 'Lundqvist', '081024-3477', '0203-024 89', 'ingrid.lundqvist406@googlemail.com', 'Skolgatan 641', 'Karlstad', '36044'),
 ('Jessica', 'Lundqvist', '060819-9428', '053-598 93 07', 'jessica.lundqvist479@telia.com', 'Kyrkgatan 98', 'Ängelholm', '27006'),
 ('Edvin', 'Lundqvist', '071027-6221', '+46 (0)41 40 63 81', 'edvin.lundqvist273@googlemail.com', 'Storgatan 904', 'Växjö', '39701'),
 ('Pernilla', 'Söderström', '940413-5155', '08-132 685 32', 'pernilla.söderström662@googlemail.com', 'Grangatan 7', 'Norrköping', '67352'),
 ('Rebecca', 'Söderström', '060910-1324', '0311-985 05', 'rebecca.söderström543@googlemail.com', 'Kyrkovägen 09', 'Eskilstuna', '75175'),
 ('Kristina', 'Söderström', '090521-0837', '048-863 40 52', 'kristina.söderström730@googlemail.com', 'Granvägen 731', 'Växjö', '83663'),
 ('Johan', 'Andersson', '960115-3951', '+46 (0)721 057 78', 'johan.andersson770@gmail.com', 'Björkstigen 8', 'Nyköping', '90205'),
 ('Marcus', 'Andersson', '080607-5008', '050-51 86 11', 'marcus.andersson668@gmail.com', 'Kyrkogränd 71', 'Piteå', '65519'),
 ('Albin', 'Andersson', '931231-9420', '08-847 492 38', 'albin.andersson265@live.se', 'Skolstigen 69', 'Skellefteå', '89806'),
 ('Tommy', 'Svensson', '990621-0043', '08-601 621 70', 'tommy.svensson238@spray.se', 'Björkvägen 121', 'Karlskrona', '29205'),
 ('Jörgen', 'Svensson', '950621-6291', '0941-15 23 84', 'jörgen.svensson272@swipnet.se', 'Fabriksvägen 3', 'Östersund', '64515'),
 ('Pia', 'Svensson', '951130-9438', '0462-57 16 68', 'pia.svensson113@gmail.com', 'Strandtorget 46', 'Umeå', '90273'),
 ('Jörgen', 'Olsson', '940611-9371', '060-789 64 29', 'jörgen.olsson440@googlemail.com', 'Strandgatan 8', 'Sandviken', '83255'),
 ('Fredrik', 'Öhman', '951218-5209', '096-358 52 38', 'fredrik.öhman932@swipnet.se', 'Nygatan 54', 'Halmstad', '77345'),
 ('Tommy', 'Öhman', '050514-5508', '0293-91 98 17', 'tommy.öhman742@telia.com', 'Grantorget 550', 'Göteborg', '10994'),
 ('Anders', 'Öhman', '030606-9519', '08-398 427 02', 'anders.öhman206@gmail.com', 'Järnvägsgränd 526', 'Trollhättan', '48857'),
 ('Karl', 'Aronsson', '970921-2725', '+46 (0)453 412 11', 'karl.aronsson664@googlemail.com', 'Trädgårdsvägen 74', 'Sundsvall', '91365'),
 ('Sandra', 'Aronsson', '940618-6768', '08-98 56 33', 'sandra.aronsson252@gmail.com', 'Kyrkgränd 088', 'Varberg', '79618'),
 ('Göran', 'Olsson', '070604-5200', '0460-12 90 48', 'göran.olsson375@spray.se', 'Storvägen 1', 'Linköping', '54752'),
 ('Therése', 'Olsson', '060113-9801', '060-15 47 70', 'therése.olsson915@googlemail.com', 'Fabriksgatan 211', 'Karlstad', '82752'),
 ('Frida', 'Nilsson', '960725-1494', '08-045 414 24', 'frida.nilsson688@telia.com', 'Gentorget 8', 'Lidköping', '59914'),
 ('Arne', 'Nilsson', '091020-7901', '08-768 055 86', 'arne.nilsson853@spray.se', 'Ringvägen 589', 'Kalmar', '12124'),
 ('Johan', 'Nilsson', '960320-8514', '004-81 64 30', 'johan.nilsson571@telia.com', 'Industrigatan 5', 'Luleå', '79441'),
 ('Kristina', 'Johansson', '990715-2954', '041-85 01 06', 'kristina.johansson758@live.se', 'Gengränd 7', 'Borlänge', '93908'),
 ('Marcus', 'Johansson', '080814-2343', '08-00 80 82', 'marcus.johansson213@gmail.com', 'Storvägen 32', 'Eskilstuna', '55021'),
 ('Elisabeth', 'Ivarsson', '030602-8176', '+46 (0)8 492 675 86', 'elisabeth.ivarsson174@telia.com', 'Genvägen 40', 'Piteå', '68995'),
 ('Carolina', 'Ivarsson', '010727-4334', '066-15 53 98', 'carolina.ivarsson228@yahoo.de', 'Skolgatan 52', 'Göteborg', '51765'),
 ('Elisabeth', 'Ivarsson', '041025-5129', '+46 (0)757 294 48', 'elisabeth.ivarsson116@telia.com', 'Skolgatan 206', 'Skellefteå', '30792'),
 ('Karin', 'Olsson', '070811-9656', '084-460 30 75', 'karin.olsson415@live.se', 'Åkertorget 908', 'Uppsala', '44635'),
 ('Lars', 'Törnqvist', '060925-2135', '0156-601 99', 'lars.törnqvist375@swipnet.se', 'Skolgatan 11', 'Umeå', '57687'),
 ('William', 'Törnqvist', '061019-5703', '+46 (0)46 03 60 48', 'william.törnqvist738@googlemail.com', 'Asptorget 28', 'Landskrona', '31313'),
 ('Alexandra', 'Törnqvist', '030430-4538', '+46 (0)02 22 52 48', 'alexandra.törnqvist910@googlemail.com', 'Parkgatan 351', 'Falun', '96376'),
 ('Monica', 'Karlsson', '070422-9103', '08-67 10 62', 'monica.karlsson367@yahoo.de', 'Stationsstigen 02', 'Trollhättan', '77199'),
 ('Ulf', 'Erlandsson', '970904-0357', '0337-140 56', 'ulf.erlandsson413@gmail.com', 'Ängsgränd 9', 'Stockholm', '65006'),
 ('Elvira', 'Erlandsson', '061104-1674', '0458-054 91', 'elvira.erlandsson628@telia.com', 'Idrottsgatan 0', 'Kalmar', '63492'),
 ('Göran', 'Erlandsson', '020309-3273', '060-56 50 54', 'göran.erlandsson510@googlemail.com', 'Ängsgatan 2', 'Göteborg', '73942'),
 ('Jonas', 'Svensson', '940717-2312', '053-11 60 15', 'jonas.svensson340@telia.com', 'Skolgatan 29', 'Göteborg', '92441'),
 ('Mari', 'Svensson', '060725-0180', '08-565 62 11', 'mari.svensson267@telia.com', 'Skolvägen 947', 'Halmstad', '66632'),
 ('Ulf', 'Svensson', '940207-8704', '+46 (0)40 10 78 10', 'ulf.svensson935@googlemail.com', 'Aspvägen 2', 'Varberg', '68396'),
 ('Staffan', 'Karlsson', '090613-3582', '+46 (0)25 17 89 34', 'staffan.karlsson682@gmail.com', 'Skogsgatan 3', 'Trollhättan', '70667'),
 ('Marcus', 'Karlsson', '981031-1663', '074-13 79 78', 'marcus.karlsson281@gmail.com', 'Ektorget 2', 'Västerås', '56995'),
 ('Irene', 'Karlsson', '000830-3794', '+46 (0)395 906 53', 'irene.karlsson670@swipnet.se', 'Parkvägen 01', 'Göteborg', '54532'),
 ('Mari', 'Näslund', '001125-8837', '0644-387 86', 'mari.näslund131@swipnet.se', 'Parkgatan 391', 'Karlstad', '97482'),
 ('Thomas', 'Persson', '050126-3693', '08-43 62 77', 'thomas.persson822@telia.com', 'Industristigen 2', 'Nyköping', '28831'),
 ('Eva', 'Johansson', '050915-3094', '08-762 44 62', 'eva.johansson592@live.se', 'Aspvägen 362', 'Gävle', '99028'),
 ('Peter', 'Johansson', '980924-9155', '096-628 14 15', 'peter.johansson626@googlemail.com', 'Industrivägen 2', 'Ängelholm', '50218'),
 ('Berit', 'Andersson', '090125-4375', '053-99 10 15', 'berit.andersson561@spray.se', 'Kyrktorget 196', 'Kristianstad', '98977'),
 ('Irene', 'Andersson', '000708-3066', '+46 (0)63 26 15 65', 'irene.andersson380@swipnet.se', 'Stationstorget 862', 'Örnsköldsvik', '29417'),
 ('Margareta', 'Johansson', '950512-7697', '0629-010 83', 'margareta.johansson991@yahoo.de', 'Backvägen 07', 'Sandviken', '85355'),
 ('Birgit', 'Andersson', '950105-7005', '08-925 023 24', 'birgit.andersson349@telia.com', 'Backvägen 96', 'Västerås', '45601'),
 ('Felicia', 'Andersson', '940123-7111', '0952-839 48', 'felicia.andersson735@googlemail.com', 'Kyrkogränd 82', 'Eskilstuna', '76061'),
 ('Sven', 'Andersson', '061017-1654', '08-294 974 46', 'sven.andersson961@spray.se', 'Kyrkogatan 473', 'Mölndal', '49951'),
 ('Gunnar', 'Göransson', '950826-2384', '+46 (0)19 27 91 33', 'gunnar.göransson644@telia.com', 'Ekvägen 37', 'Landskrona', '90607'),
 ('Jonas', 'Jönsson', '940203-0853', '069-791 28 70', 'jonas.jönsson402@live.se', 'Björkgränd 92', 'Skellefteå', '34268'),
 ('Daniel', 'Andersson', '071230-5457', '+46 (0)78 53 64 03', 'daniel.andersson717@telia.com', 'Backgatan 9', 'Umeå', '23418'),
 ('Björn', 'Andersson', '010621-3515', '078-993 88 99', 'björn.andersson130@spray.se', 'Fabrikstorget 6', 'Alingsås', '12070'),
 ('Susanne', 'Sjöberg', '010930-1499', '070-43 94 86', 'susanne.sjöberg781@yahoo.de', 'Kyrkgatan 2', 'Trollhättan', '18394'),
-- 144 contacts
 ('Kristina', 'Forslund', '900607-2145', '0113-069 20', 'kristina.forslund214@live.se', 'Grangatan 25', 'Ängelholm', '92808'),
 ('Marianne', 'Larsson', '650801-9178', '+46 (0)8 229 717 32', 'marianne.larsson350@spray.se', 'Kyrkvägen 448', 'Ängelholm', '14442'),
 ('Lars', 'Jonsson', '771108-2292', '0711-62 06 31', 'lars.jonsson549@swipnet.se', 'Åkervägen 6', 'Sundsvall', '27454'),
 ('Malin', 'Larsson', '830124-0795', '+46 (0)26 48 73 91', 'malin.larsson829@spray.se', 'Fabriksstigen 6', 'Varberg', '19422'),
 ('Eva', 'Hansson', '930306-7558', '0128-50 45 80', 'eva.hansson906@live.se', 'Parkgatan 18', 'Kalmar', '46817'),
 ('Gösta', 'Lundström', '760427-4105', '+46 (0)84 83 87 88', 'gösta.lundström850@swipnet.se', 'Parkgränd 534', 'Linköping', '70683'),
 ('Josefin', 'Ivarsson', '691007-6642', '+46 (0)728 398 65', 'josefin.ivarsson329@telia.com', 'Åkervägen 72', 'Örnsköldsvik', '38901'),
 ('Anders', 'Johansson', '690920-3058', '+46 (0)81 15 75 55', 'anders.johansson677@googlemail.com', 'Parkgatan 9', 'Ängelholm', '37438'),
 ('Harald', 'Andersson', '810331-2578', '08-77 70 02', 'harald.andersson420@gmail.com', 'Björkgatan 090', 'Karlskrona', '43148'),
 ('Maria', 'Andersson', '810601-3926', '08-65 95 04', 'maria.andersson898@yahoo.de', 'Parkgränd 244', 'Alingsås', '97792'),
 ('Rune', 'Olsson', '810111-7763', '+46 (0)69 59 61 95', 'rune.olsson284@swipnet.se', 'Ängsgatan 93', 'Göteborg', '53396'),
 ('Anders', 'Jansson', '790319-4293', '024-214 15 90', 'anders.jansson671@yahoo.de', 'Skolvägen 05', 'Lund', '58840'),
 ('Anna', 'Karlsson', '900830-5600', '+46 (0)8 367 380 77', 'anna.karlsson835@telia.com', 'Stortorget 71', 'Borlänge', '70195'),
 ('Max', 'Gunnarsson', '930520-8648', '08-284 894 03', 'max.gunnarsson961@telia.com', 'Ekvägen 8', 'Göteborg', '68923'),
 ('Lena', 'Olsson', '750424-0966', '08-848 03 28', 'lena.olsson725@live.se', 'Villagränd 486', 'Trelleborg', '82148'),
 ('Arne', 'Persson', '830113-7132', '0246-22 65 07', 'arne.persson903@gmail.com', 'Ringgatan 929', 'Jönköping', '59771'),
 ('Harriet', 'Danielsson', '830731-6540', '019-143 04 02', 'harriet.danielsson264@telia.com', 'Furuvägen 323', 'Örebro', '44694'),
 ('Artur', 'Åberg', '910301-5260', '096-34 14 67', 'artur.åberg483@spray.se', 'Fabrikstorget 40', 'Linköping', '72838'),
 ('Kenneth', 'Karlsson', '771012-5993', '08-926 377 14', 'kenneth.karlsson108@gmail.com', 'Kyrkostigen 21', 'Motala', '18419'),
 ('Maria', 'Möller', '740926-0937', '058-87 03 48', 'maria.möller727@googlemail.com', 'Ängsgatan 898', 'Norrköping', '34747'),
 ('Bo', 'Andersson', '720504-9799', '000-736 51 53', 'bo.andersson224@spray.se', 'Industrigränd 062', 'Uddevalla', '72518'),
 ('Fredrik', 'Karlsson', '751220-8005', '08-67 40 14', 'fredrik.karlsson541@spray.se', 'Kyrkovägen 4', 'Karlstad', '81591'),
 ('Viktor', 'Sandberg', '850214-7229', '061-079 02 86', 'viktor.sandberg271@swipnet.se', 'Kyrkgränd 9', 'Mölndal', '72450'),
 ('Anita', 'Jakobsson', '720106-0667', '+46 (0)8 139 077 16', 'anita.jakobsson296@swipnet.se', 'Trädgårdsgatan 1', 'Ängelholm', '99049'),
 ('Folke', 'Andersson', '710610-8843', '059-88 05 68', 'folke.andersson410@gmail.com', 'Ängsgränd 486', 'Stockholm', '67238'),
 ('Emil', 'Nyström', '710626-2756', '+46 (0)06 55 30 84', 'emil.nyström298@yahoo.de', 'Idrottstorget 32', 'Karlskrona', '46551'),
 ('Rickard', 'Svensson', '760405-9407', '0356-262 72', 'rickard.svensson360@spray.se', 'Strandgränd 19', 'Östersund', '53054'),
 ('Birgitta', 'Jönsson', '800119-1025', '+46 (0)8 467 928 53', 'birgitta.jönsson614@swipnet.se', 'Industritorget 584', 'Sandviken', '59771'),
 ('Ann-Christin', 'Eriksson', '910122-0367', '005-93 42 93', 'ann-christin.eriksson509@swipnet.se', 'Stationsgränd 927', 'Skövde', '72279'),
 ('Matilda', 'Johansson', '730202-2616', '012-749 84 63', 'matilda.johansson783@googlemail.com', 'Skolvägen 3', 'Örebro', '90401'),
 ('Svea', 'Larsson', '710120-0355', '0204-89 41 65', 'svea.larsson180@spray.se', 'Björkvägen 622', 'Stockholm', '62467'),
 ('Bo', 'Jakobsson', '640226-2486', '+46 (0)8 735 882 70', 'bo.jakobsson838@googlemail.com', 'Åkervägen 41', 'Karlskoga', '54512'),
 ('Elisabeth', 'Jonsson', '900405-7692', '08-14 48 53', 'elisabeth.jonsson624@googlemail.com', 'Nytorget 5', 'Kalmar', '78229'),
 ('Maria', 'Arvidsson', '900106-9021', '+46 (0)77 60 79 08', 'maria.arvidsson714@yahoo.de', 'Kvarntorget 7', 'Nyköping', '60071'),
 ('Birgitta', 'Andersson', '840304-4632', '0282-312 18', 'birgitta.andersson683@telia.com', 'Gengatan 6', 'Piteå', '80383'),
 ('Mats', 'Larsson', '930522-8968', '025-27 64 11', 'mats.larsson863@yahoo.de', 'Kyrkovägen 67', 'Jönköping', '54465'),
 ('Sonja', 'Löfgren', '831114-4599', '066-103 47 06', 'sonja.löfgren763@live.se', 'Kyrkstigen 2', 'Malmö', '59421'),
 ('Maria', 'Ekström', '820125-2239', '0994-47 70 96', 'maria.ekström103@googlemail.com', 'Strandgatan 32', 'Östersund', '33080'),
 ('Christer', 'Nilsson', '830826-9805', '+46 (0)8 021 010 03', 'christer.nilsson843@swipnet.se', 'Bäckgränd 0', 'Kalmar', '26031'),
 ('Leif', 'Gunnarsson', '910707-2689', '+46 (0)89 72 26 44', 'leif.gunnarsson915@live.se', 'Parkstigen 780', 'Varberg', '39603'),
 ('Gunnar', 'Jansson', '681003-5680', '08-183 802 42', 'gunnar.jansson753@googlemail.com', 'Björkgatan 1', 'Linköping', '52795'),
 ('Anna', 'Karlsson', '920302-2661', '+46 (0)33 52 26 65', 'anna.karlsson177@telia.com', 'Asptorget 04', 'Östersund', '38669'),
 ('John', 'Johansson', '790301-9961', '0937-74 67 58', 'john.johansson753@swipnet.se', 'Trädgårdsvägen 5', 'Luleå', '79468'),
 ('Erik', 'Gustafsson', '710225-2009', '08-290 27 79', 'erik.gustafsson377@swipnet.se', 'Idrottsvägen 2', 'Örnsköldsvik', '40714'),
 ('Anna', 'Höglund', '890228-3830', '0517-84 08 17', 'anna.höglund886@yahoo.de', 'Kvarnvägen 07', 'Skövde', '26850'),
 ('Agneta', 'Wallin', '880116-2705', '08-83 60 06', 'agneta.wallin834@swipnet.se', 'Parkgränd 09', 'Trollhättan', '34044'),
 ('Sofia', 'Ågren', '720907-7820', '070-37 90 77', 'sofia.ågren782@yahoo.de', 'Järnvägsstigen 9', 'Jönköping', '94374'),
 ('Arne', 'Petersson', '771104-7816', '+46 (0)8 436 269 80', 'arne.petersson612@gmail.com', 'Skoltorget 976', 'Eskilstuna', '20569'),
 ('Erik', 'Blomberg', '740829-1859', '08-886 77 85', 'erik.blomberg437@live.se', 'Furugatan 26', 'Kristianstad', '29192'),
 ('Elisabeth', 'Blom', '890827-7885', '0045-479 59', 'elisabeth.blom121@yahoo.de', 'Parkvägen 6', 'Linköping', '15405'),
 ('Helena', 'Svensson', '890915-5502', '08-09 91 60', 'helena.svensson236@telia.com', 'Skoltorget 302', 'Södertälje', '53504'),
 ('Jan', 'Sjöström', '700308-2588', '08-898 14 93', 'jan.sjöström532@googlemail.com', 'Kvarntorget 750', 'Örnsköldsvik', '81752'),
 ('Magnus', 'Mattsson', '720606-0415', '08-326 134 20', 'magnus.mattsson666@googlemail.com', 'Järnvägsvägen 9', 'Falun', '93079'),
 ('Einar', 'Josefsson', '740110-3812', '0748-514 90', 'einar.josefsson229@googlemail.com', 'Backgatan 35', 'Landskrona', '65539'),
 ('Birgit', 'Nilsson', '720316-3527', '08-226 683 58', 'birgit.nilsson968@gmail.com', 'Skolvägen 6', 'Halmstad', '82728'),
 ('Anna', 'Andersson', '860529-7855', '+46 (0)264 696 43', 'anna.andersson621@telia.com', 'Parkgatan 067', 'Örebro', '63833'),
 ('Kerstin', 'Karlsson', '880102-2628', '+46 (0)8 536 905 19', 'kerstin.karlsson333@gmail.com', 'Stationsvägen 10', 'Trollhättan', '15905'),
 ('Margareta', 'Berg', '780724-3790', '+46 (0)56 13 01 77', 'margareta.berg229@live.se', 'Granstigen 08', 'Malmö', '28369'),
 ('Olivia', 'Larsson', '711105-7662', '027-36 83 08', 'olivia.larsson704@telia.com', 'Skolgränd 4', 'Gävle', '28300'),
 ('Vilhelm', 'Carlsson', '650601-3629', '08-761 34 84', 'vilhelm.carlsson880@yahoo.de', 'Ektorget 060', 'Göteborg', '40607'),
 ('Hjalmar', 'Andersson', '660709-8867', '0247-101 41', 'hjalmar.andersson969@yahoo.de', 'Skolgränd 627', 'Lidingö', '95412'),
 ('Björn', 'Berg', '840501-5788', '+46 (0)815 719 64', 'björn.berg478@live.se', 'Kvarngränd 2', 'Västerås', '48147'),
 ('Elisabet', 'Andersson', '880212-1361', '+46 (0)08 06 13 08', 'elisabet.andersson368@gmail.com', 'Kvarntorget 9', 'Örnsköldsvik', '65172'),
 ('Anders', 'Fransson', '860821-6266', '0570-50 08 80', 'anders.fransson182@swipnet.se', 'Ängstorget 04', 'Mölndal', '66379'),
 ('Viola', 'Nilsson', '780609-4145', '08-970 474 21', 'viola.nilsson188@telia.com', 'Aspvägen 0', 'Lidköping', '59264'),
 ('Bengt', 'Holmström', '860308-5559', '011-41 81 81', 'bengt.holmström113@telia.com', 'Järnvägsgatan 9', 'Trelleborg', '56582'),
 ('Alexander', 'Lundberg', '750103-1459', '+46 (0)50 79 76 19', 'alexander.lundberg316@gmail.com', 'Kvarnstigen 93', 'Karlskoga', '11292'),
 ('Fredrik', 'Sundin', '691024-9322', '08-132 37 80', 'fredrik.sundin201@spray.se', 'Kyrkostigen 1', 'Malmö', '46777'),
 ('Fredrik', 'Andersson', '701102-6148', '08-77 74 96', 'fredrik.andersson430@gmail.com', 'Fabriksvägen 235', 'Örebro', '76783'),
 ('Hans', 'Andersson', '770731-2075', '+46 (0)807 711 81', 'hans.andersson191@swipnet.se', 'Ängsgränd 9', 'Linköping', '61165'),
 ('Karl', 'Palm', '640601-6649', '08-03 63 85', 'karl.palm399@telia.com', 'Stationsstigen 06', 'Södertälje', '98179'),
 ('Johan', 'Lundin', '930616-0517', '027-681 66 57', 'johan.lundin912@swipnet.se', 'Fabriksvägen 201', 'Kalmar', '61039'),
 ('Kristina', 'Johansson', '890630-0879', '0632-18 15 91', 'kristina.johansson731@googlemail.com', 'Ringtorget 5', 'Varberg', '31805'),
 ('Niklas', 'Eliasson', '830703-7385', '+46 (0)8 711 466 78', 'niklas.eliasson616@googlemail.com', 'Ekgatan 7', 'Stockholm', '87008'),
 ('Alexander', 'Söderlund', '800726-9387', '08-315 679 12', 'alexander.söderlund483@yahoo.de', 'Ekvägen 8', 'Landskrona', '11238'),
 ('John', 'Söderberg', '750519-8775', '08-375 88 14', 'john.söderberg578@googlemail.com', 'Skolgränd 880', 'Karlskoga', '26594'),
 ('Patrik', 'Gustafsson', '780904-9955', '08-39 19 10', 'patrik.gustafsson755@spray.se', 'Aspstigen 007', 'Kalmar', '94438'),
 ('Niclas', 'Olofsson', '841230-4316', '0112-134 12', 'niclas.olofsson657@live.se', 'Genvägen 9', 'Landskrona', '95286'),
 ('Märta', 'Johansson', '700322-5740', '+46 (0)26 57 14 02', 'märta.johansson636@live.se', 'Parkvägen 63', 'Trelleborg', '42224'),
 ('Elisabeth', 'Vikström', '670403-1142', '078-76 57 12', 'elisabeth.vikström668@yahoo.de', 'Villagatan 773', 'Kristianstad', '28941'),
 ('Hans', 'Andersson', '631215-6901', '008-438 93 45', 'hans.andersson270@gmail.com', 'Björktorget 4', 'Södertälje', '92086'),
 ('Ulf', 'Knutsson', '871128-2031', '+46 (0)210 856 47', 'ulf.knutsson626@spray.se', 'Industristigen 117', 'Sandviken', '95259'),
 ('Stefan', 'Olofsson', '900206-3163', '+46 (0)82 47 26 53', 'stefan.olofsson557@live.se', 'Strandgatan 63', 'Södertälje', '36103'),
 ('Sven', 'Lind', '890131-2721', '08-077 52 73', 'sven.lind930@googlemail.com', 'Järnvägsvägen 35', 'Nyköping', '73733'),
 ('Mary', 'Berg', '831103-3347', '08-07 09 38', 'mary.berg216@spray.se', 'Fabriksvägen 325', 'Kalmar', '21678'),
 ('Emma', 'Johansson', '661208-5727', '037-12 72 83', 'emma.johansson744@live.se', 'Stationsstigen 6', 'Uddevalla', '62016'),
 ('Sara', 'Åström', '901121-1761', '08-91 48 82', 'sara.åström425@gmail.com', 'Kyrkogränd 5', 'Göteborg', '78962'),
 ('Karl', 'Jonsson', '870422-4040', '08-097 03 64', 'karl.jonsson736@spray.se', 'Backgatan 0', 'Borlänge', '18644'),
 ('Tommy', 'Johansson', '810628-7066', '08-74 07 95', 'tommy.johansson454@live.se', 'Järnvägsstigen 6', 'Uddevalla', '36957'),
 ('Anders', 'Jonsson', '810625-0296', '+46 (0)15 89 24 81', 'anders.jonsson331@gmail.com', 'Skolgatan 8', 'Varberg', '93251'),
 ('Hanna', 'Johansson', '670104-2399', '0550-86 93 10', 'hanna.johansson388@gmail.com', 'Furuvägen 9', 'Piteå', '70710'),
 ('Fredrik', 'Johansson', '871021-2021', '08-958 050 77', 'fredrik.johansson131@telia.com', 'Järnvägsstigen 0', 'Borlänge', '45490'),
 ('Gunvor', 'Björklund', '921208-3480', '08-068 74 54', 'gunvor.björklund642@gmail.com', 'Skogsgränd 6', 'Nyköping', '30984'),
 ('Margareta', 'Lundgren', '681114-2170', '+46 (0)22 86 33 38', 'margareta.lundgren869@googlemail.com', 'Åkerstigen 389', 'Sandviken', '23374'),
 ('Gunborg', 'Nilsson', '750130-7347', '+46 (0)045 282 08', 'gunborg.nilsson900@swipnet.se', 'Nyvägen 9', 'Mölndal', '73247'),
 ('Per', 'Carlsson', '811122-6638', '0645-91 09 74', 'per.carlsson851@live.se', 'Kyrkotorget 433', 'Kristianstad', '11499'),
 ('Erik', 'Andersson', '820807-4602', '+46 (0)93 05 23 02', 'erik.andersson266@yahoo.de', 'Strandgatan 7', 'Piteå', '76252'),
 ('Carina', 'Johansson', '690411-9655', '08-135 996 59', 'carina.johansson480@telia.com', 'Parkstigen 24', 'Lidköping', '87296'),
 ('Ann', 'Eriksson', '700429-4570', '+46 (0)550 701 38', 'ann.eriksson921@live.se', 'Ängsgatan 210', 'Falun', '39719'),
 ('Johanna', 'Bergman', '800811-0903', '0203-38 60 76', 'johanna.bergman464@gmail.com', 'Skolgatan 9', 'Gävle', '75697'),
 ('Annika', 'Nilsson', '710613-8501', '080-005 46 44', 'annika.nilsson222@live.se', 'Björkvägen 9', 'Södertälje', '50540'),
 ('Ylva', 'Axelsson', '730720-1785', '+46 (0)73 03 91 16', 'ylva.axelsson848@telia.com', 'Ringtorget 446', 'Landskrona', '22310'),
 ('Margareta', 'Larsson', '790116-3282', '08-018 59 77', 'margareta.larsson537@swipnet.se', 'Järnvägsvägen 973', 'Landskrona', '54900'),
 ('Emil', 'Roos', '661025-7385', '+46 (0)889 560 27', 'emil.roos529@telia.com', 'Strandgränd 0', 'Uddevalla', '85927'),
 ('Britt', 'Sandström', '770120-5192', '+46 (0)35 26 85 20', 'britt.sandström131@live.se', 'Industrivägen 9', 'Varberg', '45184'),
 ('Louise', 'Larsson', '761120-6454', '+46 (0)873 865 86', 'louise.larsson318@gmail.com', 'Ängsgatan 371', 'Helsingborg', '36188'),
 ('Torbjörn', 'Gustafsson', '890510-3332', '08-30 43 01', 'torbjörn.gustafsson376@gmail.com', 'Storstigen 8', 'Landskrona', '78004'),
 ('Karl', 'Ottosson', '721227-8696', '053-947 25 53', 'karl.ottosson580@swipnet.se', 'Ekvägen 0', 'Alingsås', '30112'),
 ('Magnus', 'Johansson', '750316-7004', '08-121 580 00', 'magnus.johansson484@spray.se', 'Storvägen 69', 'Nyköping', '93503'),
 ('Lars', 'Nygren', '851117-1277', '08-18 53 79', 'lars.nygren810@gmail.com', 'Bäcktorget 221', 'Skövde', '10890'),
 ('Olov', 'Svensson', '760607-3182', '08-783 78 89', 'olov.svensson985@live.se', 'Kyrkvägen 9', 'Lidingö', '80186'),
 ('Kent', 'Palm', '761213-5132', '08-339 19 41', 'kent.palm510@telia.com', 'Fabriksvägen 26', 'Örebro', '75803'),
 ('Ingegerd', 'Björk', '841030-3484', '08-689 345 13', 'ingegerd.björk759@spray.se', 'Åkervägen 6', 'Stockholm', '58755'),
 ('Eva', 'Nilsson', '700326-5290', '+46 (0)8 119 493 64', 'eva.nilsson899@live.se', 'Storvägen 9', 'Växjö', '18834'),
 ('Bertil', 'Nilsson', '880812-9319', '08-598 87 67', 'bertil.nilsson667@googlemail.com', 'Skolvägen 79', 'Uddevalla', '62792'),
 ('Kenneth', 'Eliasson', '660228-7705', '0630-854 88', 'kenneth.eliasson835@telia.com', 'Parkstigen 25', 'Umeå', '14493'),
 ('Ann-Mari', 'Andersson', '660419-7274', '+46 (0)72 30 68 71', 'ann-mari.andersson769@swipnet.se', 'Villagränd 048', 'Östersund', '53092'),
 ('Dennis', 'Lundqvist', '720322-8411', '08-403 27 56', 'dennis.lundqvist446@swipnet.se', 'Storvägen 26', 'Kalmar', '49782'),
 ('Rolf', 'Svensson', '700608-6511', '0720-74 49 65', 'rolf.svensson984@googlemail.com', 'Backvägen 116', 'Örnsköldsvik', '86014'),
 ('Elisabeth', 'Andersson', '891219-4076', '028-15 37 30', 'elisabeth.andersson813@swipnet.se', 'Grantorget 71', 'Örnsköldsvik', '94112'),
 ('Rune', 'Karlsson', '720831-3622', '+46 (0)8 054 718 10', 'rune.karlsson596@spray.se', 'Furugatan 9', 'Kalmar', '76003'),
 ('Maria', 'Olsson', '811211-8990', '08-51 80 83', 'maria.olsson583@yahoo.de', 'Bäckgränd 1', 'Falun', '62162'),
 ('Maria', 'Öhman', '770914-2835', '0834-517 46', 'maria.öhman563@yahoo.de', 'Skolstigen 986', 'Borås', '57515'),
 ('Ulla', 'Henriksson', '770205-4458', '072-38 65 05', 'ulla.henriksson785@telia.com', 'Backgatan 034', 'Södertälje', '96140'),
 ('Rolf', 'Nygren', '900516-5692', '08-27 97 32', 'rolf.nygren882@googlemail.com', 'Ängsgatan 1', 'Trollhättan', '21151'),
 ('Reinhold', 'Nilsson', '660730-0735', '094-275 53 86', 'reinhold.nilsson879@live.se', 'Villagränd 5', 'Borlänge', '78891'),
 ('Britta', 'Johansson', '710203-9554', '006-161 38 79', 'britta.johansson524@spray.se', 'Nygränd 14', 'Växjö', '16380'),
 ('Olof', 'Ivarsson', '710416-2081', '0519-36 00 02', 'olof.ivarsson820@gmail.com', 'Industristigen 41', 'Karlskoga', '18169'),
 ('Doris', 'Olsson', '640224-3965', '08-139 755 76', 'doris.olsson954@gmail.com', 'Strandvägen 299', 'Östersund', '38112'),
 ('Gertrud', 'Törnqvist', '930606-8603', '0501-382 62', 'gertrud.törnqvist810@live.se', 'Ringvägen 91', 'Alingsås', '86243'),
 ('Per', 'Karlsson', '681107-7400', '+46 (0)590 360 86', 'per.karlsson856@live.se', 'Parktorget 882', 'Varberg', '40256'),
 ('Axel', 'Lundgren', '731031-5812', '094-83 59 05', 'axel.lundgren763@yahoo.de', 'Järnvägsgatan 1', 'Trollhättan', '63458'),
 ('Gustaf', 'Johansson', '900509-9024', '0423-605 86', 'gustaf.johansson364@swipnet.se', 'Kyrkogatan 899', 'Göteborg', '48203'),
 ('Viola', 'Karlsson', '920124-8771', '08-56 59 59', 'viola.karlsson468@telia.com', 'Skogsvägen 73', 'Sundsvall', '42578'),
 ('Åke', 'Olsson', '770603-1627', '0887-660 04', 'åke.olsson443@spray.se', 'Skolvägen 54', 'Skövde', '25306'),
 ('Björn', 'Nilsson', '820103-1005', '+46 (0)8 246 058 69', 'björn.nilsson900@yahoo.de', 'Skoltorget 9', 'Örnsköldsvik', '23938'),
 ('Anne-Marie', 'Nilsson', '720522-1323', '08-25 63 48', 'anne-marie.nilsson945@swipnet.se', 'Skogsstigen 6', 'Östersund', '44674'),
 ('Yvonne', 'Engström', '821214-8350', '+46 (0)8 982 392 54', 'yvonne.engström638@googlemail.com', 'Järnvägsvägen 0', 'Malmö', '24617'),
 ('Olof', 'Andersson', '930708-9400', '+46 (0)8 889 927 30', 'olof.andersson452@gmail.com', 'Åkergatan 760', 'Varberg', '44587'),
 ('Åke', 'Andersson', '881030-6947', '094-226 91 79', 'åke.andersson946@telia.com', 'Nyvägen 817', 'Uddevalla', '62961'),
 ('Olof', 'Göransson', '670101-2947', '08-975 188 47', 'olof.göransson220@spray.se', 'Skolstigen 7', 'Växjö', '11488'),
 ('Alexandra', 'Jönsson', '880218-5424', '0333-22 75 02', 'alexandra.jönsson158@googlemail.com', 'Strandvägen 9', 'Piteå', '15405'),
 ('Maria', 'Andersson', '890424-5282', '08-92 04 63', 'maria.andersson299@gmail.com', 'Kyrkgatan 6', 'Skövde', '14033'),
 ('Mikael', 'Persson', '660226-5750', '014-31 60 02', 'mikael.persson652@live.se', 'Idrottsgatan 33', 'Borås', '24560'),
-- 20 instructors
 ('Carl', 'Johansson', '670501-6118', '+46 (0)54 18 41 92', 'carl.johansson951@yahoo.de', 'Fabriksstigen 09', 'Malmö', '92362'),
 ('Gunnar', 'Larsson', '670927-6684', '08-769 92 26', 'gunnar.larsson381@yahoo.de', 'Nytorget 575', 'Norrköping', '37639'),
 ('Elisabeth', 'Persson', '751115-4507', '0454-25 20 53', 'elisabeth.persson542@telia.com', 'Ängsgatan 2', 'Lidingö', '74854'),
 ('Olof', 'Månsson', '691106-3185', '+46 (0)23 24 35 76', 'olof.månsson909@swipnet.se', 'Skogsgatan 2', 'Södertälje', '11698'),
 ('Anna', 'Andersson', '801128-6286', '0107-23 11 84', 'anna.andersson948@swipnet.se', 'Nygatan 2', 'Malmö', '57586'),
 ('Helena', 'Sundin', '690414-9694', '08-065 437 17', 'helena.sundin821@gmail.com', 'Storvägen 8', 'Stockholm', '57222'),
 ('Rolf', 'Svensson', '710729-3099', '08-06 45 86', 'rolf.svensson800@spray.se', 'Björkgatan 19', 'Norrköping', '90998'),
 ('Karl', 'Bergman', '700924-7110', '08-65 58 90', 'karl.bergman660@yahoo.de', 'Åkergränd 017', 'Falun', '51235'),
 ('Maria', 'Nilsson', '821222-1876', '+46 (0)89 58 32 28', 'maria.nilsson409@live.se', 'Furugränd 6', 'Mölndal', '41160'),
 ('Gunborg', 'Johansson', '760823-5912', '014-57 38 17', 'gunborg.johansson935@googlemail.com', 'Parkgatan 68', 'Stockholm', '46992'),
 ('Erik', 'Lundin', '790420-7268', '098-94 71 61', 'erik.lundin833@spray.se', 'Fabriksgränd 95', 'Gävle', '59645'),
 ('Fredrik', 'Larsson', '640623-4374', '008-86 72 52', 'fredrik.larsson802@spray.se', 'Parkgatan 9', 'Lund', '42491'),
 ('Anneli', 'Jonasson', '831104-7446', '+46 (0)016 135 05', 'anneli.jonasson226@spray.se', 'Kvarnvägen 180', 'Östersund', '70958'),
 ('Folke', 'Jansson', '820705-0496', '08-516 35 23', 'folke.jansson948@googlemail.com', 'Ekvägen 795', 'Västerås', '72359'),
 ('Gunnel', 'Nyberg', '760506-8464', '+46 (0)710 664 26', 'gunnel.nyberg163@yahoo.de', 'Kyrkovägen 9', 'Falun', '16180'),
 ('Susanne', 'Näslund', '670927-1529', '+46 (0)139 739 02', 'susanne.näslund743@spray.se', 'Granvägen 78', 'Luleå', '64655'),
 ('Hans', 'Bergström', '750907-0293', '0519-66 86 49', 'hans.bergström673@googlemail.com', 'Åkerstigen 6', 'Malmö', '73843'),
 ('Bengt', 'Nilsson', '661119-9594', '+46 (0)8 697 262 40', 'bengt.nilsson954@swipnet.se', 'Järnvägsvägen 2', 'Södertälje', '19095'),
 ('Anna-Lena', 'Karlsson', '671116-7780', '0873-47 29 25', 'anna-lena.karlsson543@spray.se', 'Backstigen 0', 'Mölndal', '17209'),
 ('Anna', 'Larsson', '631231-4328', '08-557 760 43', 'anna.larsson845@gmail.com', 'Ringgatan 15', 'Motala', '92023');

-- Insert 300 students (person IDs 1-300)
 INSERT INTO student (person_id)
 SELECT id FROM person WHERE id BETWEEN 1 AND 300;

-- Insert contacts
INSERT INTO contact_person (relation, person_id)
VALUES
 ('Cousin', 301),
 ('Spouce', 302),
 ('Parent', 303),
 ('Parent', 304),
 ('Sibling', 305),
 ('Parent', 306),
 ('Boyfriend', 307),
 ('Parent', 308),
 ('Parent', 309),
 ('Parent', 310),
 ('Grandparent', 311),
 ('Parent', 312),
 ('Uncle', 313),
 ('Sibling', 314),
 ('Cousin', 315),
 ('Spouce', 316),
 ('Sibling', 317),
 ('Parent', 318),
 ('Cousin', 319),
 ('Parent', 320),
 ('Parent', 321),
 ('Uncle', 322),
 ('Parent', 323),
 ('Cousin', 324),
 ('Uncle', 325),
 ('Parent', 326),
 ('Uncle', 327),
 ('Parent', 328),
 ('Parent', 329),
 ('Aunt', 330),
 ('Parent', 331),
 ('Parent', 332),
 ('Sibling', 333),
 ('Parent', 334),
 ('Parent', 335),
 ('Parent', 336),
 ('Cousin', 337),
 ('Boyfriend', 338),
 ('Parent', 339),
 ('Cousin', 340),
 ('Grandparent', 341),
 ('Parent', 342),
 ('Girlfriend', 343),
 ('Aunt', 344),
 ('Parent', 345),
 ('Parent', 346),
 ('Parent', 347),
 ('Parent', 348),
 ('Sibling', 349),
 ('Boyfriend', 350),
 ('Boyfriend', 351),
 ('Parent', 352),
 ('Parent', 353),
 ('Parent', 354),
 ('Cousin', 355),
 ('Parent', 356),
 ('Parent', 357),
 ('Parent', 358),
 ('Parent', 359),
 ('Parent', 360),
 ('Parent', 361),
 ('Aunt', 362),
 ('Parent', 363),
 ('Girlfriend', 364),
 ('Parent', 365),
 ('Aunt', 366),
 ('Parent', 367),
 ('Parent', 368),
 ('Grandparent', 369),
 ('Parent', 370),
 ('Cousin', 371),
 ('Parent', 372),
 ('Parent', 373),
 ('Uncle', 374),
 ('Parent', 375),
 ('Guardian', 376),
 ('Sibling', 377),
 ('Parent', 378),
 ('Uncle', 379),
 ('Parent', 380),
 ('Parent', 381),
 ('Parent', 382),
 ('Parent', 383),
 ('Parent', 384),
 ('Parent', 385),
 ('Family Friend', 386),
 ('Parent', 387),
 ('Parent', 388),
 ('Aunt', 389),
 ('Uncle', 390),
 ('Parent', 391),
 ('Parent', 392),
 ('Parent', 393),
 ('Grandparent', 394),
 ('Parent', 395),
 ('Sibling', 396),
 ('Spouce', 397),
 ('Sibling', 398),
 ('Parent', 399),
 ('Grandparent', 400),
 ('Parent', 401),
 ('Girlfriend', 402),
 ('Parent', 403),
 ('Parent', 404),
 ('Parent', 405),
 ('Parent', 406),
 ('Girlfriend', 407),
 ('Cousin', 408),
 ('Family Friend', 409),
 ('Parent', 410),
 ('Spouce', 411),
 ('Parent', 412),
 ('Sibling', 413),
 ('Cousin', 414),
 ('Parent', 415),
 ('Sibling', 416),
 ('Aunt', 417),
 ('Parent', 418),
 ('Cousin', 419),
 ('Parent', 420),
 ('Girlfriend', 421),
 ('Parent', 422),
 ('Parent', 423),
 ('Aunt', 424),
 ('Parent', 425),
 ('Sibling', 426),
 ('Parent', 427),
 ('Parent', 428),
 ('Parent', 429),
 ('Parent', 430),
 ('Parent', 431),
 ('Sibling', 432),
 ('Grandparent', 433),
 ('Parent', 434),
 ('Cousin', 435),
 ('Spouce', 436),
 ('Parent', 437),
 ('Family Friend', 438),
 ('Sibling', 439),
 ('Parent', 440),
 ('Parent', 441),
 ('Parent', 442),
 ('Parent', 443),
 ('Grandparent', 444);

-- Insert 20 instructors (person IDs 445-465)
INSERT INTO instructor (teaches_ensembles, person_id)
VALUES
  (True, 445),
  (False, 446),
  (False, 447),
  (False, 448),
  (True, 449),
  (True, 450),
  (True, 451),
  (False, 452),
  (False, 453),
  (True, 454),
  (False, 455),
  (True, 456),
  (False, 457),
  (False, 458),
  (False, 459),
  (True, 460),
  (True, 461),
  (True, 462),
  (True, 463),
  (False, 464);

-- Create student_relations between students and contact persons
INSERT INTO student_relations (student_id, contact_person_id)
VALUES
  (1, 1),
  (2, 1),
  (3, 1),
  (4, 2),
  (5, 2),
  (6, 3),
  (7, 4),
  (8, 4),
  (9, 4),
  (10, 5),
  (11, 6),
  (12, 7),
  (13, 7),
  (14, 7),
  (15, 8),
  (16, 9),
  (17, 10),
  (18, 11),
  (19, 11),
  (20, 11),
  (21, 12),
  (22, 13),
  (23, 13),
  (24, 14),
  (25, 14),
  (26, 15),
  (27, 16),
  (28, 16),
  (29, 17),
  (30, 17),
  (31, 18),
  (32, 18),
  (33, 18),
  (34, 19),
  (35, 19),
  (36, 20),
  (37, 20),
  (38, 20),
  (39, 21),
  (40, 21),
  (41, 22),
  (42, 22),
  (43, 22),
  (44, 23),
  (45, 24),
  (46, 24),
  (47, 24),
  (48, 25),
  (49, 25),
  (50, 26),
  (51, 26),
  (52, 27),
  (53, 27),
  (54, 27),
  (55, 28),
  (56, 28),
  (57, 28),
  (58, 29),
  (59, 29),
  (60, 30),
  (61, 31),
  (62, 31),
  (63, 31),
  (64, 32),
  (65, 32),
  (66, 32),
  (67, 33),
  (68, 34),
  (69, 35),
  (70, 35),
  (71, 36),
  (72, 36),
  (73, 36),
  (74, 37),
  (75, 38),
  (76, 39),
  (77, 39),
  (78, 40),
  (79, 40),
  (80, 40),
  (81, 41),
  (82, 41),
  (83, 42),
  (84, 42),
  (85, 43),
  (86, 43),
  (87, 44),
  (88, 44),
  (89, 45),
  (90, 45),
  (91, 45),
  (92, 46),
  (93, 46),
  (94, 47),
  (95, 48),
  (96, 49),
  (97, 49),
  (98, 49),
  (99, 50),
  (100, 50),
  (101, 50),
  (102, 51),
  (103, 51),
  (104, 52),
  (105, 53),
  (106, 53),
  (107, 53),
  (108, 54),
  (109, 54),
  (110, 55),
  (111, 56),
  (112, 56),
  (113, 56),
  (114, 57),
  (115, 58),
  (116, 58),
  (117, 58),
  (118, 59),
  (119, 59),
  (120, 60),
  (121, 61),
  (122, 61),
  (123, 62),
  (124, 62),
  (125, 63),
  (126, 63),
  (127, 63),
  (128, 64),
  (129, 64),
  (130, 64),
  (131, 65),
  (132, 65),
  (133, 66),
  (134, 67),
  (135, 67),
  (136, 68),
  (137, 68),
  (138, 69),
  (139, 69),
  (140, 70),
  (141, 70),
  (142, 70),
  (143, 71),
  (144, 72),
  (145, 72),
  (146, 73),
  (147, 73),
  (148, 74),
  (149, 74),
  (150, 75),
  (151, 76),
  (152, 76),
  (153, 76),
  (154, 77),
  (155, 77),
  (156, 77),
  (157, 78),
  (158, 79),
  (159, 79),
  (160, 79),
  (161, 80),
  (162, 81),
  (163, 81),
  (164, 82),
  (165, 82),
  (166, 82),
  (167, 83),
  (168, 83),
  (169, 83),
  (170, 84),
  (171, 85),
  (172, 85),
  (173, 86),
  (174, 86),
  (175, 87),
  (176, 87),
  (177, 87),
  (178, 88),
  (179, 89),
  (180, 89),
  (181, 89),
  (182, 90),
  (183, 91),
  (184, 91),
  (185, 92),
  (186, 92),
  (187, 93),
  (188, 93),
  (189, 93),
  (190, 94),
  (191, 94),
  (192, 95),
  (193, 95),
  (194, 96),
  (195, 96),
  (196, 97),
  (197, 97),
  (198, 97),
  (199, 98),
  (200, 98),
  (201, 99),
  (202, 99),
  (203, 100),
  (204, 101),
  (205, 101),
  (206, 102),
  (207, 102),
  (208, 102),
  (209, 103),
  (210, 103),
  (211, 104),
  (212, 105),
  (213, 105),
  (214, 105),
  (215, 106),
  (216, 106),
  (217, 106),
  (218, 107),
  (219, 107),
  (220, 108),
  (221, 108),
  (222, 108),
  (223, 109),
  (224, 109),
  (225, 110),
  (226, 110),
  (227, 110),
  (228, 111),
  (229, 111),
  (230, 111),
  (231, 112),
  (232, 112),
  (233, 112),
  (234, 113),
  (235, 114),
  (236, 114),
  (237, 115),
  (238, 115),
  (239, 116),
  (240, 116),
  (241, 117),
  (242, 117),
  (243, 117),
  (244, 118),
  (245, 118),
  (246, 118),
  (247, 119),
  (248, 119),
  (249, 119),
  (250, 120),
  (251, 120),
  (252, 120),
  (253, 121),
  (254, 121),
  (255, 121),
  (256, 122),
  (257, 123),
  (258, 123),
  (259, 123),
  (260, 124),
  (261, 124),
  (262, 125),
  (263, 125),
  (264, 126),
  (265, 126),
  (266, 126),
  (267, 127),
  (268, 127),
  (269, 128),
  (270, 128),
  (271, 128),
  (272, 129),
  (273, 130),
  (274, 130),
  (275, 130),
  (276, 131),
  (277, 132),
  (278, 132),
  (279, 132),
  (280, 133),
  (281, 133),
  (282, 133),
  (283, 134),
  (284, 134),
  (285, 134),
  (286, 135),
  (287, 136),
  (288, 137),
  (289, 137),
  (290, 138),
  (291, 138),
  (292, 139),
  (293, 140),
  (294, 140),
  (295, 140),
  (296, 141),
  (297, 142),
  (298, 143),
  (299, 143),
  (300, 144);

-- Create sibling relations
INSERT INTO sibling_relations (student_id, sibling_student_id)
VALUES
  (1, 2),
  (1, 3),
  (2, 2),
  (2, 4),
  (3, 3),
  (3, 4),
  (4, 5),
  (5, 5),
  (7, 8),
  (7, 9),
  (8, 8),
  (8, 10),
  (9, 9),
  (9, 10),
  (12, 13),
  (12, 14),
  (13, 13),
  (13, 15),
  (14, 14),
  (14, 15),
  (18, 19),
  (18, 20),
  (19, 19),
  (19, 21),
  (20, 20),
  (20, 21),
  (22, 23),
  (23, 23),
  (24, 25),
  (25, 25),
  (27, 28),
  (28, 28),
  (29, 30),
  (30, 30),
  (31, 32),
  (31, 33),
  (32, 32),
  (32, 34),
  (33, 33),
  (33, 34),
  (34, 35),
  (35, 35),
  (36, 37),
  (36, 38),
  (37, 37),
  (37, 39),
  (38, 38),
  (38, 39),
  (39, 40),
  (40, 40),
  (41, 42),
  (41, 43),
  (42, 42),
  (42, 44),
  (43, 43),
  (43, 44),
  (45, 46),
  (45, 47),
  (46, 46),
  (46, 48),
  (47, 47),
  (47, 48),
  (48, 49),
  (49, 49),
  (50, 51),
  (51, 51),
  (52, 53),
  (52, 54),
  (53, 53),
  (53, 55),
  (54, 54),
  (54, 55),
  (55, 56),
  (55, 57),
  (56, 56),
  (56, 58),
  (57, 57),
  (57, 58),
  (58, 59),
  (59, 59),
  (61, 62),
  (61, 63),
  (62, 62),
  (62, 64),
  (63, 63),
  (63, 64),
  (64, 65),
  (64, 66),
  (65, 65),
  (65, 67),
  (66, 66),
  (66, 67),
  (69, 70),
  (70, 70),
  (71, 72),
  (71, 73),
  (72, 72),
  (72, 74),
  (73, 73),
  (73, 74),
  (76, 77),
  (77, 77),
  (78, 79),
  (78, 80),
  (79, 79),
  (79, 81),
  (80, 80),
  (80, 81),
  (81, 82),
  (82, 82),
  (83, 84),
  (84, 84),
  (85, 86),
  (86, 86),
  (87, 88),
  (88, 88),
  (89, 90),
  (89, 91),
  (90, 90),
  (90, 92),
  (91, 91),
  (91, 92),
  (92, 93),
  (93, 93),
  (96, 97),
  (96, 98),
  (97, 97),
  (97, 99),
  (98, 98),
  (98, 99),
  (99, 100),
  (99, 101),
  (100, 100),
  (100, 102),
  (101, 101),
  (101, 102),
  (102, 103),
  (103, 103),
  (105, 106),
  (105, 107),
  (106, 106),
  (106, 108),
  (107, 107),
  (107, 108),
  (108, 109),
  (109, 109),
  (111, 112),
  (111, 113),
  (112, 112),
  (112, 114),
  (113, 113),
  (113, 114),
  (115, 116),
  (115, 117),
  (116, 116),
  (116, 118),
  (117, 117),
  (117, 118),
  (118, 119),
  (119, 119),
  (121, 122),
  (122, 122),
  (123, 124),
  (124, 124),
  (125, 126),
  (125, 127),
  (126, 126),
  (126, 128),
  (127, 127),
  (127, 128),
  (128, 129),
  (128, 130),
  (129, 129),
  (129, 131),
  (130, 130),
  (130, 131),
  (131, 132),
  (132, 132),
  (134, 135),
  (135, 135),
  (136, 137),
  (137, 137),
  (138, 139),
  (139, 139),
  (140, 141),
  (140, 142),
  (141, 141),
  (141, 143),
  (142, 142),
  (142, 143),
  (144, 145),
  (145, 145),
  (146, 147),
  (147, 147),
  (148, 149),
  (149, 149),
  (151, 152),
  (151, 153),
  (152, 152),
  (152, 154),
  (153, 153),
  (153, 154),
  (154, 155),
  (154, 156),
  (155, 155),
  (155, 157),
  (156, 156),
  (156, 157),
  (158, 159),
  (158, 160),
  (159, 159),
  (159, 161),
  (160, 160),
  (160, 161),
  (162, 163),
  (163, 163),
  (164, 165),
  (164, 166),
  (165, 165),
  (165, 167),
  (166, 166),
  (166, 167),
  (167, 168),
  (167, 169),
  (168, 168),
  (168, 170),
  (169, 169),
  (169, 170),
  (171, 172),
  (172, 172),
  (173, 174),
  (174, 174),
  (175, 176),
  (175, 177),
  (176, 176),
  (176, 178),
  (177, 177),
  (177, 178),
  (179, 180),
  (179, 181),
  (180, 180),
  (180, 182),
  (181, 181),
  (181, 182),
  (183, 184),
  (184, 184),
  (185, 186),
  (186, 186),
  (187, 188),
  (187, 189),
  (188, 188),
  (188, 190),
  (189, 189),
  (189, 190),
  (190, 191),
  (191, 191),
  (192, 193),
  (193, 193),
  (194, 195),
  (195, 195),
  (196, 197),
  (196, 198),
  (197, 197),
  (197, 199),
  (198, 198),
  (198, 199),
  (199, 200),
  (200, 200),
  (201, 202),
  (202, 202),
  (204, 205),
  (205, 205),
  (206, 207),
  (206, 208),
  (207, 207),
  (207, 209),
  (208, 208),
  (208, 209),
  (209, 210),
  (210, 210),
  (212, 213),
  (212, 214),
  (213, 213),
  (213, 215),
  (214, 214),
  (214, 215),
  (215, 216),
  (215, 217),
  (216, 216),
  (216, 218),
  (217, 217),
  (217, 218),
  (218, 219),
  (219, 219),
  (220, 221),
  (220, 222),
  (221, 221),
  (221, 223),
  (222, 222),
  (222, 223),
  (223, 224),
  (224, 224),
  (225, 226),
  (225, 227),
  (226, 226),
  (226, 228),
  (227, 227),
  (227, 228),
  (228, 229),
  (228, 230),
  (229, 229),
  (229, 231),
  (230, 230),
  (230, 231),
  (231, 232),
  (231, 233),
  (232, 232),
  (232, 234),
  (233, 233),
  (233, 234),
  (235, 236),
  (236, 236),
  (237, 238),
  (238, 238),
  (239, 240),
  (240, 240),
  (241, 242),
  (241, 243),
  (242, 242),
  (242, 244),
  (243, 243),
  (243, 244),
  (244, 245),
  (244, 246),
  (245, 245),
  (245, 247),
  (246, 246),
  (246, 247),
  (247, 248),
  (247, 249),
  (248, 248),
  (248, 250),
  (249, 249),
  (249, 250),
  (250, 251),
  (250, 252),
  (251, 251),
  (251, 253),
  (252, 252),
  (252, 253),
  (253, 254),
  (253, 255),
  (254, 254),
  (254, 256),
  (255, 255),
  (255, 256),
  (257, 258),
  (257, 259),
  (258, 258),
  (258, 260),
  (259, 259),
  (259, 260),
  (260, 261),
  (261, 261),
  (262, 263),
  (263, 263),
  (264, 265),
  (264, 266),
  (265, 265),
  (265, 267),
  (266, 266),
  (266, 267),
  (267, 268),
  (268, 268),
  (269, 270),
  (269, 271),
  (270, 270),
  (270, 272),
  (271, 271),
  (271, 272),
  (273, 274),
  (273, 275),
  (274, 274),
  (274, 276),
  (275, 275),
  (275, 276),
  (277, 278),
  (277, 279),
  (278, 278),
  (278, 280),
  (279, 279),
  (279, 280),
  (280, 281),
  (280, 282),
  (281, 281),
  (281, 283),
  (282, 282),
  (282, 283),
  (283, 284),
  (283, 285),
  (284, 284),
  (284, 286),
  (285, 285),
  (285, 286),
  (288, 289),
  (289, 289),
  (290, 291),
  (291, 291),
  (293, 294),
  (293, 295),
  (294, 294),
  (294, 296),
  (295, 295),
  (295, 296),
  (298, 299),
  (299, 299);

-- Create 10 instruments
INSERT INTO instruments (instrument_type)
VALUES
('Cello'),
('Trumpet'),
('Saxophone'),
('Clarinet'),
('Harp'),
('Violin'),
('Guitar'),
('Trombone'),
('Drums'),
('Piano');

-- Insert random data into instructor_instruments
INSERT INTO instructor_instruments (instructor_id, instruments_id)
VALUES
  (1, 3),
  (1, 6),
  (2, 9),
  (3, 8),
  (4, 5),
  (5, 1),
  (6, 7),
  (7, 5),
  (8, 2),
  (9, 4),
  (10, 3),
  (11, 9),
  (11, 1),
  (12, 2),
  (12, 3),
  (13, 5),
  (13, 2),
  (14, 9),
  (14, 1),
  (15, 5),
  (15, 8),
  (16, 10),
  (16, 3),
  (17, 9),
  (17, 6),
  (18, 3),
  (19, 3),
  (19, 8),
  (20, 5);

-- Create rental instruments with price
INSERT INTO rental_instruments (rental_price, quantity_in_stock, brand, instruments_id)
VALUES
  (500, 4, 'Yamaha', 1),
  (350, 5, 'Roland', 2),
  (500, 5, 'Kawai', 3),
  (650, 5, 'Steinway & Sons', 4),
  (650, 4, 'Roland', 5),
  (400, 3, 'Yamaha', 6),
  (500, 2, 'Martin', 7),
  (650, 3, 'Kawai', 8),
  (600, 5, 'Yamaha', 9),
  (350, 3, 'Gibson', 10);

-- Create rental records
INSERT INTO rental_record (rental_period, student_id, rental_instruments_id)
VALUES
  ('2019-02-04', 162, 1),
  ('2020-05-19', 145, 1),
  ('2018-03-07', 42, 1),
  ('2022-08-15', 5, 1),
  ('2020-01-19', 53, 1),
  ('2022-04-23', 213, 1),
  ('2021-07-01', 150, 1),
  ('2020-08-21', 157, 1),
  ('2021-04-16', 30, 1),
  ('2022-08-29', 9, 1),
  ('2019-03-02', 232, 1);

-- Create classrooms
INSERT INTO classroom (person_capacity, street, city, zip)
VALUES
  (11, 'Gengränd 540', 'Piteå', '97054'),
  (24, 'Parkvägen 551', 'Västerås', '75153'),
  (16, 'Ekgatan 0', 'Kristianstad', '26340'),
  (18, 'Genvägen 91', 'Västerås', '98156'),
  (29, 'Järnvägsvägen 81', 'Växjö', '73838'),
  (5, 'Parkstigen 03', 'Stockholm', '11342'),
  (25, 'Trädgårdsgatan 23', 'Karlskrona', '96438'),
  (8, 'Kyrkgatan 59', 'Helsingborg', '47389'),
  (17, 'Genvägen 97', 'Östersund', '29763'),
  (22, 'Trädgårdsgränd 4', 'Örebro', '85631');

-- Create price schemes
INSERT INTO price_scheme (price, discount, sibling_discount_eligibility, instructor_fee, lesson_type, skill_level)
VALUES
  (400, 0, True, 120, 'Individual', 'Beginner'),
  (500, 0, True, 150, 'Individual', 'Intermediate'),
  (400, 0, True, 120, 'Individual', 'Advanced'),
  (800, 0, True, 240, 'Group', 'Beginner'),
  (400, 0, True, 120, 'Group', 'Intermediate'),
  (400, 0, True, 120, 'Group', 'Advanced'),
  (700, 0, True, 210, 'Ensemble', 'Beginner'),
  (700, 0, True, 210, 'Ensemble', 'Intermediate'),
  (500, 0, True, 150, 'Ensemble', 'Advanced');

-- Insert lessons
INSERT INTO lesson (date, start_time, duration, classroom_id, price_scheme_id, instructor_id, instruments_id, lesson_type)
VALUES
  ('2018-09-05', '20:30', '1 hour 45 mins', 8, 3, 9, 8, 'Individual'),
  ('2021-05-01', '18:15', '1 hour 30 mins', 8, 2, 6, 2, 'Individual'),
  ('2021-03-17', '17:00', '2 hours', 9, 2, 12, 7, 'Individual'),
  ('2020-08-01', '15:00', '1 hour 45 mins', 2, 2, 15, 3, 'Individual'),
  ('2022-04-17', '15:30', '1 hour', 5, 2, 19, 2, 'Individual'),
  ('2019-04-25', '15:45', '1 hour 45 mins', 4, 1, 16, 5, 'Individual'),
  ('2021-04-10', '10:30', '1 hour', 8, 3, 16, 5, 'Individual'),
  ('2018-12-24', '12:45', '1 hour 45 mins', 2, 2, 11, 8, 'Individual'),
  ('2019-03-24', '16:15', '1 hour 45 mins', 4, 2, 5, 9, 'Individual'),
  ('2022-03-28', '10:15', '2 hours', 5, 1, 10, 1, 'Individual'),
  ('2020-01-13', '08:15', '1 hour 45 mins', 6, 2, 6, 9, 'Individual'),
  ('2022-12-01', '16:45', '1 hour 15 mins', 2, 1, 13, 8, 'Individual'),
  ('2020-04-19', '20:00', '1 hour', 1, 3, 11, 3, 'Individual'),
  ('2020-02-28', '08:00', '1 hour 15 mins', 2, 2, 6, 7, 'Individual'),
  ('2019-04-01', '20:30', '1 hour 30 mins', 6, 1, 16, 10, 'Individual'),
  ('2022-08-31', '13:15', '1 hour 30 mins', 4, 3, 6, 3, 'Individual'),
  ('2018-09-18', '16:45', '1 hour 30 mins', 8, 2, 16, 10, 'Individual'),
  ('2019-11-17', '18:45', '1 hour 45 mins', 5, 3, 6, 10, 'Individual'),
  ('2018-08-11', '11:45', '1 hour 30 mins', 2, 3, 16, 1, 'Individual'),
  ('2020-11-27', '10:45', '2 hours', 7, 1, 11, 3, 'Individual'),
  ('2018-04-02', '20:30', '1 hour 15 mins', 8, 2, 6, 4, 'Individual'),
  ('2019-01-04', '14:45', '1 hour', 9, 2, 6, 1, 'Individual'),
  ('2023-12-06', '09:30', '1 hour 30 mins', 1, 2, 12, 4, 'Individual'),
  ('2021-12-07', '20:00', '1 hour', 1, 2, 9, 5, 'Individual'),
  ('2019-10-23', '16:30', '1 hour 30 mins', 5, 2, 6, 6, 'Individual'),
  ('2018-05-19', '11:45', '1 hour', 2, 3, 9, 9, 'Individual'),
  ('2023-02-19', '10:00', '1 hour', 1, 2, 16, 2, 'Individual'),
  ('2021-02-14', '10:15', '2 hours', 9, 1, 3, 1, 'Individual'),
  ('2023-08-29', '09:00', '1 hour 45 mins', 2, 5, 6, 1, 'Group'),
  ('2019-06-14', '13:00', '2 hours', 5, 5, 12, 2, 'Group'),
  ('2019-03-23', '17:15', '1 hour 15 mins', 1, 5, 1, 8, 'Group'),
  ('2023-06-10', '14:45', '1 hour 45 mins', 7, 4, 12, 4, 'Group'),
  ('2020-07-13', '20:15', '1 hour 15 mins', 4, 5, 5, 3, 'Group'),
  ('2018-07-07', '08:30', '1 hour 15 mins', 2, 6, 6, 4, 'Group'),
  ('2022-11-05', '09:30', '1 hour 30 mins', 5, 5, 9, 8, 'Group'),
  ('2019-08-25', '08:15', '1 hour 45 mins', 7, 4, 16, 5, 'Group'),
  ('2021-12-22', '08:30', '1 hour 30 mins', 7, 6, 1, 3, 'Group'),
  ('2022-04-15', '13:30', '1 hour 45 mins', 10, 4, 15, 4, 'Group'),
  ('2023-11-02', '12:15', '1 hour 45 mins', 4, 4, 6, 10, 'Group'),
  ('2023-07-19', '09:00', '1 hour 45 mins', 5, 4, 9, 4, 'Group'),
  ('2022-12-22', '18:15', '1 hour', 7, 6, 1, 6, 'Group'),
  ('2018-07-16', '13:45', '1 hour', 2, 4, 10, 2, 'Group'),
  ('2018-05-16', '14:30', '1 hour', 5, 4, 8, 1, 'Group'),
  ('2021-11-25', '13:15', '2 hours', 5, 5, 6, 2, 'Group'),
  ('2018-07-31', '19:00', '2 hours', 7, 5, 17, 4, 'Group'),
  ('2023-10-18', '08:00', '2 hours', 7, 6, 14, 1, 'Group'),
  ('2021-12-13', '08:45', '2 hours', 7, 5, 6, 8, 'Group'),
  ('2022-04-07', '19:15', '1 hour', 5, 6, 16, 9, 'Group'),
  ('2018-01-13', '10:30', '1 hour', 10, 6, 14, 8, 'Group'),
  ('2018-07-31', '08:45', '2 hours', 2, 9, 9, 1, 'Ensemble'),
  ('2021-11-18', '13:15', '1 hour 45 mins', 7, 8, 19, 5, 'Ensemble'),
  ('2020-10-20', '11:15', '2 hours', 7, 9, 17, 9, 'Ensemble'),
  ('2021-09-05', '12:45', '1 hour 45 mins', 3, 7, 8, 10, 'Ensemble'),
  ('2019-02-28', '13:15', '1 hour 15 mins', 4, 8, 6, 9, 'Ensemble'),
  ('2023-04-15', '16:45', '1 hour 15 mins', 3, 8, 13, 1, 'Ensemble'),
  ('2019-10-04', '09:30', '1 hour 30 mins', 3, 7, 7, 3, 'Ensemble'),
  ('2020-07-26', '11:00', '1 hour', 7, 8, 12, 3, 'Ensemble'),
  ('2021-07-04', '16:00', '1 hour 30 mins', 2, 9, 13, 2, 'Ensemble'),
  ('2023-01-12', '19:30', '1 hour 45 mins', 10, 9, 10, 6, 'Ensemble'),
  ('2018-04-03', '11:00', '2 hours', 7, 8, 1, 3, 'Ensemble'),
  ('2022-04-11', '16:30', '1 hour 30 mins', 7, 8, 9, 4, 'Ensemble'),
  ('2023-01-04', '16:30', '1 hour 30 mins', 2, 9, 9, 10, 'Ensemble'),
  ('2020-09-19', '18:45', '1 hour 15 mins', 7, 8, 3, 4, 'Ensemble'),
  ('2018-08-27', '15:30', '1 hour', 7, 9, 9, 7, 'Ensemble'),
  ('2020-11-09', '12:45', '1 hour 30 mins', 7, 7, 11, 4, 'Ensemble'),
  ('2022-12-22', '08:15', '2 hours', 5, 9, 16, 5, 'Ensemble'),
  ('2023-12-21', '13:00', '1 hour', 5, 8, 16, 6, 'Ensemble'),
  ('2019-11-19', '17:15', '2 hours', 5, 9, 3, 2, 'Ensemble'),
  ('2020-03-25', '14:00', '1 hour', 9, 9, 6, 1, 'Ensemble'),
  ('2019-03-19', '11:00', '2 hours', 4, 8, 15, 6, 'Ensemble'),
  ('2018-08-17', '18:15', '1 hour 15 mins', 10, 7, 9, 5, 'Ensemble'),
  ('2021-01-02', '10:15', '1 hour 45 mins', 10, 8, 1, 1, 'Ensemble'),
  ('2020-07-19', '16:30', '1 hour 15 mins', 7, 8, 12, 9, 'Ensemble'),
  ('2020-09-22', '16:00', '1 hour 15 mins', 2, 9, 16, 6, 'Ensemble'),
  ('2023-10-21', '08:45', '1 hour 30 mins', 2, 7, 10, 10, 'Ensemble'),
  ('2021-08-06', '20:30', '1 hour 30 mins', 5, 8, 15, 8, 'Ensemble'),
  ('2023-01-24', '20:15', '1 hour', 7, 8, 1, 4, 'Ensemble'),
  ('2022-05-25', '20:30', '2 hours', 3, 8, 13, 1, 'Ensemble'),
  ('2018-09-09', '16:30', '2 hours', 5, 9, 14, 8, 'Ensemble');

-- Insert group lessons
INSERT INTO group_lesson (lesson_id, min_attendees, max_attendees, attendees)
VALUES
  (29, 16, 18, 17),
  (30, 17, 25, 24),
  (31, 3, 11, 11),
  (32, 3, 18, 17),
  (33, 9, 16, 16),
  (34, 9, 24, 20),
  (35, 4, 18, 5),
  (36, 5, 13, 9),
  (37, 6, 20, 14),
  (38, 5, 21, 20),
  (39, 7, 14, 8),
  (40, 10, 24, 15),
  (41, 24, 25, 24),
  (42, 4, 4, 4),
  (43, 4, 20, 19),
  (44, 11, 23, 21),
  (45, 3, 16, 3),
  (46, 8, 24, 20),
  (47, 16, 25, 24),
  (48, 16, 22, 20),
  (49, 15, 22, 20);

-- Insert ensemble lessons
INSERT INTO ensemble (lesson_id, min_attendees, max_attendees, attendees, genre)
VALUES
  (50, 11, 20, 19, 'Pop'),
  (51, 3, 23, 3, 'Pop'),
  (52, 6, 25, 17, 'Blues'),
  (53, 7, 12, 11, 'Jazz'),
  (54, 3, 9, 3, 'Blues'),
  (55, 6, 10, 6, 'Classical'),
  (56, 4, 11, 7, 'Blues'),
  (57, 16, 25, 24, 'Pop'),
  (58, 8, 15, 14, 'Pop'),
  (59, 10, 19, 18, 'Rock'),
  (60, 4, 10, 9, 'Jazz'),
  (61, 20, 25, 25, 'Classical'),
  (62, 6, 19, 16, 'Rock'),
  (63, 3, 20, 20, 'Jazz'),
  (64, 7, 13, 11, 'Blues'),
  (65, 5, 15, 14, 'Rock'),
  (66, 15, 22, 19, 'Rock'),
  (67, 14, 21, 19, 'Jazz'),
  (68, 4, 12, 4, 'Rock'),
  (69, 5, 7, 7, 'Pop'),
  (70, 5, 18, 18, 'Pop'),
  (71, 6, 20, 7, 'Blues'),
  (72, 3, 19, 5, 'Pop'),
  (73, 19, 22, 20, 'Jazz'),
  (74, 3, 17, 5, 'Rock'),
  (75, 7, 22, 12, 'Classical'),
  (76, 15, 25, 25, 'Classical'),
  (77, 11, 22, 19, 'Rock'),
  (78, 5, 7, 5, 'Rock'),
  (79, 9, 25, 25, 'Rock');

-- Insert lesson attendees for all lessons
INSERT INTO lesson_attendees (student_id, lesson_id)
VALUES
  (13, 1),
  (200, 2),
  (191, 3),
  (173, 4),
  (285, 5),
  (66, 6),
  (30, 7),
  (287, 8),
  (277, 9),
  (3, 10),
  (123, 11),
  (108, 12),
  (292, 13),
  (239, 14),
  (89, 15),
  (161, 16),
  (270, 17),
  (178, 18),
  (122, 19),
  (268, 20),
  (275, 21),
  (240, 22),
  (22, 23),
  (85, 24),
  (31, 25),
  (179, 26),
  (298, 27),
  (241, 28),
  (238, 29), (249, 29), (287, 29), (72, 29), (291, 29), (236, 29), (265, 29), (197, 29), (282, 29), (24, 29), (263, 29), (148, 29), (25, 29), (105, 29), (242, 29), (272, 29), (195, 29),
  (7, 30), (177, 30), (41, 30), (250, 30), (85, 30), (219, 30), (144, 30), (265, 30), (69, 30), (139, 30), (284, 30), (256, 30), (295, 30), (297, 30), (252, 30), (186, 30), (245, 30), (182, 30), (267, 30), (282, 30), (113, 30), (101, 30), (259, 30), (222, 30),
  (230, 31), (213, 31), (243, 31), (209, 31), (62, 31), (188, 31), (155, 31), (194, 31), (177, 31), (270, 31), (106, 31),
  (77, 32), (173, 32), (105, 32), (280, 32), (298, 32), (122, 32), (273, 32), (111, 32), (95, 32), (21, 32), (85, 32), (91, 32), (58, 32), (127, 32), (138, 32), (267, 32), (87, 32),
  (221, 33), (104, 33), (115, 33), (206, 33), (259, 33), (290, 33), (201, 33), (65, 33), (30, 33), (45, 33), (198, 33), (194, 33), (223, 33), (205, 33), (26, 33), (230, 33),
  (10, 34), (174, 34), (282, 34), (69, 34), (25, 34), (255, 34), (185, 34), (87, 34), (155, 34), (202, 34), (296, 34), (11, 34), (61, 34), (56, 34), (121, 34), (156, 34), (172, 34), (73, 34), (182, 34), (178, 34),
  (144, 35), (110, 35), (229, 35), (95, 35), (80, 35),
  (48, 36), (137, 36), (178, 36), (224, 36), (240, 36), (188, 36), (71, 36), (179, 36), (67, 36),
  (43, 37), (8, 37), (128, 37), (96, 37), (112, 37), (245, 37), (158, 37), (93, 37), (19, 37), (135, 37), (150, 37), (27, 37), (110, 37), (44, 37),
  (287, 38), (124, 38), (232, 38), (51, 38), (39, 38), (24, 38), (136, 38), (181, 38), (56, 38), (164, 38), (139, 38), (227, 38), (58, 38), (12, 38), (107, 38), (122, 38), (80, 38), (53, 38), (203, 38), (48, 38),
  (14, 39), (199, 39), (55, 39), (39, 39), (142, 39), (285, 39), (249, 39), (56, 39),
  (191, 40), (185, 40), (297, 40), (111, 40), (45, 40), (122, 40), (65, 40), (244, 40), (24, 40), (130, 40), (163, 40), (205, 40), (280, 40), (243, 40), (218, 40),
  (232, 41), (55, 41), (279, 41), (181, 41), (150, 41), (117, 41), (164, 41), (162, 41), (223, 41), (56, 41), (4, 41), (66, 41), (263, 41), (114, 41), (52, 41), (166, 41), (82, 41), (226, 41), (18, 41), (132, 41), (6, 41), (76, 41), (80, 41), (35, 41),
  (39, 42), (31, 42), (290, 42), (165, 42),
  (266, 43), (174, 43), (133, 43), (27, 43), (72, 43), (219, 43), (17, 43), (75, 43), (229, 43), (7, 43), (120, 43), (63, 43), (122, 43), (37, 43), (101, 43), (272, 43), (56, 43), (100, 43), (132, 43),
  (184, 44), (133, 44), (157, 44), (9, 44), (103, 44), (165, 44), (299, 44), (55, 44), (37, 44), (151, 44), (75, 44), (96, 44), (61, 44), (169, 44), (164, 44), (73, 44), (280, 44), (11, 44), (272, 44), (68, 44), (271, 44),
  (48, 45), (39, 45), (145, 45),
  (96, 46), (70, 46), (156, 46), (228, 46), (7, 46), (264, 46), (286, 46), (39, 46), (295, 46), (203, 46), (57, 46), (186, 46), (12, 46), (164, 46), (260, 46), (226, 46), (281, 46), (183, 46), (247, 46), (280, 46),
  (124, 47), (251, 47), (278, 47), (50, 47), (14, 47), (274, 47), (253, 47), (35, 47), (34, 47), (6, 47), (15, 47), (172, 47), (203, 47), (9, 47), (23, 47), (47, 47), (117, 47), (268, 47), (191, 47), (176, 47), (138, 47), (38, 47), (193, 47), (57, 47),
  (71, 48), (206, 48), (277, 48), (81, 48), (104, 48), (238, 48), (145, 48), (292, 48), (258, 48), (209, 48), (262, 48), (121, 48), (235, 48), (108, 48), (273, 48), (110, 48), (284, 48), (269, 48), (177, 48), (199, 48),
  (153, 49), (126, 49), (230, 49), (161, 49), (251, 49), (300, 49), (39, 49), (139, 49), (79, 49), (219, 49), (189, 49), (229, 49), (80, 49), (249, 49), (97, 49), (12, 49), (7, 49), (185, 49), (111, 49), (60, 49),
  (209, 50), (127, 50), (135, 50), (254, 50), (170, 50), (144, 50), (227, 50), (190, 50), (246, 50), (192, 50), (27, 50), (217, 50), (233, 50), (185, 50), (275, 50), (178, 50), (149, 50), (286, 50), (294, 50),
  (262, 51), (288, 51), (172, 51),
  (209, 52), (147, 52), (64, 52), (17, 52), (74, 52), (281, 52), (73, 52), (242, 52), (288, 52), (184, 52), (69, 52), (220, 52), (44, 52), (169, 52), (72, 52), (7, 52), (107, 52),
  (61, 53), (4, 53), (293, 53), (92, 53), (75, 53), (208, 53), (188, 53), (80, 53), (272, 53), (222, 53), (260, 53),
  (298, 54), (248, 54), (45, 54),
  (110, 55), (277, 55), (195, 55), (261, 55), (97, 55), (16, 55),
  (151, 56), (285, 56), (141, 56), (164, 56), (61, 56), (242, 56), (278, 56),
  (231, 57), (228, 57), (24, 57), (51, 57), (214, 57), (287, 57), (142, 57), (22, 57), (71, 57), (20, 57), (86, 57), (205, 57), (68, 57), (247, 57), (140, 57), (221, 57), (288, 57), (180, 57), (55, 57), (83, 57), (66, 57), (60, 57), (299, 57), (245, 57),
  (151, 58), (219, 58), (145, 58), (214, 58), (157, 58), (257, 58), (208, 58), (235, 58), (252, 58), (49, 58), (250, 58), (147, 58), (29, 58), (251, 58),
  (47, 59), (133, 59), (238, 59), (100, 59), (186, 59), (261, 59), (277, 59), (232, 59), (298, 59), (288, 59), (168, 59), (34, 59), (97, 59), (222, 59), (107, 59), (233, 59), (247, 59), (136, 59),
  (257, 60), (199, 60), (83, 60), (64, 60), (111, 60), (142, 60), (198, 60), (218, 60), (168, 60),
  (206, 61), (192, 61), (103, 61), (244, 61), (153, 61), (99, 61), (176, 61), (4, 61), (260, 61), (287, 61), (68, 61), (44, 61), (257, 61), (92, 61), (74, 61), (41, 61), (261, 61), (248, 61), (45, 61), (246, 61), (245, 61), (196, 61), (252, 61), (14, 61), (7, 61),
  (83, 62), (144, 62), (278, 62), (135, 62), (11, 62), (80, 62), (169, 62), (81, 62), (284, 62), (291, 62), (93, 62), (238, 62), (159, 62), (109, 62), (41, 62), (48, 62),
  (188, 63), (263, 63), (41, 63), (7, 63), (282, 63), (91, 63), (50, 63), (54, 63), (155, 63), (261, 63), (44, 63), (176, 63), (32, 63), (257, 63), (69, 63), (35, 63), (259, 63), (13, 63), (170, 63), (268, 63),
  (212, 64), (249, 64), (3, 64), (51, 64), (267, 64), (195, 64), (67, 64), (234, 64), (11, 64), (48, 64), (167, 64),
  (173, 65), (166, 65), (49, 65), (67, 65), (2, 65), (14, 65), (156, 65), (204, 65), (121, 65), (208, 65), (39, 65), (134, 65), (220, 65), (35, 65),
  (117, 66), (72, 66), (21, 66), (244, 66), (279, 66), (154, 66), (14, 66), (232, 66), (203, 66), (23, 66), (44, 66), (271, 66), (159, 66), (55, 66), (216, 66), (57, 66), (140, 66), (60, 66), (63, 66),
  (182, 67), (45, 67), (87, 67), (133, 67), (67, 67), (285, 67), (269, 67), (184, 67), (19, 67), (218, 67), (62, 67), (41, 67), (1, 67), (26, 67), (32, 67), (106, 67), (278, 67), (55, 67), (8, 67),
  (1, 68), (155, 68), (227, 68), (245, 68),
  (89, 69), (287, 69), (8, 69), (52, 69), (116, 69), (232, 69), (95, 69),
  (44, 70), (60, 70), (57, 70), (9, 70), (56, 70), (281, 70), (184, 70), (183, 70), (275, 70), (230, 70), (221, 70), (33, 70), (114, 70), (90, 70), (272, 70), (121, 70), (28, 70), (284, 70),
  (127, 71), (51, 71), (267, 71), (230, 71), (63, 71), (114, 71), (218, 71),
  (73, 72), (148, 72), (257, 72), (18, 72), (92, 72),
  (298, 73), (146, 73), (224, 73), (231, 73), (252, 73), (130, 73), (18, 73), (191, 73), (135, 73), (40, 73), (204, 73), (137, 73), (223, 73), (95, 73), (225, 73), (276, 73), (11, 73), (200, 73), (145, 73), (167, 73),
  (222, 74), (163, 74), (108, 74), (3, 74), (1, 74),
  (101, 75), (32, 75), (211, 75), (151, 75), (200, 75), (8, 75), (268, 75), (238, 75), (68, 75), (109, 75), (93, 75), (192, 75),
  (125, 76), (261, 76), (152, 76), (213, 76), (256, 76), (211, 76), (45, 76), (283, 76), (244, 76), (87, 76), (241, 76), (297, 76), (2, 76), (52, 76), (24, 76), (55, 76), (110, 76), (107, 76), (131, 76), (32, 76), (240, 76), (206, 76), (149, 76), (28, 76), (193, 76),
  (37, 77), (87, 77), (78, 77), (193, 77), (2, 77), (116, 77), (262, 77), (16, 77), (145, 77), (70, 77), (265, 77), (99, 77), (115, 77), (52, 77), (198, 77), (44, 77), (74, 77), (275, 77), (124, 77),
  (65, 78), (125, 78), (226, 78), (82, 78), (264, 78),
  (198, 79), (147, 79), (146, 79), (83, 79), (112, 79), (163, 79), (157, 79), (231, 79), (104, 79), (223, 79), (187, 79), (20, 79), (4, 79), (215, 79), (75, 79), (181, 79), (26, 79), (33, 79), (282, 79), (205, 79), (176, 79), (123, 79), (151, 79), (58, 79), (29, 79);
